--
------------------------ USERS ------------------------
--
INSERT INTO public.users
(id, "name", email, phone, "password", cpf, "role", created_at, updated_at)
VALUES
('dbfeceee-a700-47d5-9090-72053de330a3', 'Brandyn Auer', 'Alyce67@hotmail.com', '819-336-9712', 'GFBqEHVqnB5dLSZ', '7298:4bd9:85ed:70c8:7e77:f0f7:aef7:1d4a', 'b'::character varying, now(), now()),
('01dbd514-6c60-44d8-8319-e23f09035608', 'Jamaal Steuber', 'Ricky23@hotmail.com', '383-704-9162', 'gaFqCeUJycBXRrq', '613d:0000:fff2:a481:577f:aa9a:7b14:2547', 'b'::character varying, now(), now()),
('8faef224-dd8c-44fd-9f40-bfee30419f64', 'Maude Jones', 'Selina65@yahoo.com', '413-538-1084', '9XYCqvc50TwnmNO', '17fc:2f6c:9e3e:7a25:8eac:6cf3:76cc:090d', 'b'::character varying, now(), now()),
('339c07a8-0e54-4439-8caa-261f88d113ae', 'Isabel Krajcik', 'Terrell21@hotmail.com', '891-432-5235', 'L6TL6JyFgImdShA', '67b8:e9ae:9339:5d0d:61f4:cf0c:5f32:e1bb', 'b'::character varying, now(), now()),
('6082a9d5-95ca-4a00-98ce-899661eeaa78', 'Gus Schinner', 'Trenton.Gerlach@hotmail.com', '720-577-6719', '2R4HapVlmQ8fmAO', '9914:ebcf:42f2:fe07:3bb4:3595:6074:e8a6', 'b'::character varying, now(), now()),
('ad5acbe2-7787-4fd9-85ab-64d72e7b12cd', 'Heaven Anderson', 'Lindsey.Borer58@hotmail.com', '287-371-2878', 'X3P3p373VL3wTH7', '4283:948a:c9ca:6147:bb17:9ce8:4ade:0f0e', 'b'::character varying, now(), now()),
('918d2785-e874-44b4-9112-2e8e1187092f', 'Austyn Adams', 'Chloe11@yahoo.com', '566-683-7863', 'EEsC8F6SJwpEa6b', 'dd35:2b56:09ee:9a7b:50b2:4fb7:8084:888c', 'b'::character varying, now(), now()),
('4be2b52b-32bd-4ff0-93b5-baf853b55e4d', 'Florida Toy', 'Jadon.Baumbach@hotmail.com', '550-632-3834', 'JLuqdqsB2nguJs7', '4603:c950:a0b0:2d6b:d9ee:4c2a:a398:d3bf', 'b'::character varying, now(), now()),
('f92da41b-b8b6-4969-b615-5e85be7c9551', 'Jakob Wyman', 'Bella_Kertzmann@hotmail.com', '499-595-2238', 'MuyAlBdVBkPnryY', '9d57:7263:0763:a12c:7cec:22fd:c980:8dcf', 'b'::character varying, now(), now()),
('e2d07323-5027-478d-a9de-83552573aee0', 'Tessie Aufderhar', 'Augustus_Hayes29@gmail.com', '410-717-7463', 'zROQoNlj8w7xj4g', 'c968:1f78:fee0:b6ad:57b1:6406:73ff:1420', 'b'::character varying, now(), now()),
('b645a378-94db-480f-867d-69516c153adf', 'Stefan Larson', 'Emiliano_Turcotte@yahoo.com', '918-830-8676', 'NQ9DJrzKfmwhmnC', '0740:8f74:588a:b3d3:c08c:f3b1:b5b1:25b5', 'b'::character varying, now(), now()),
('34d5669a-49c5-4731-9510-bad757cbb214', 'Alessandra Hoeger', 'Nickolas27@hotmail.com', '253-444-0479', 'Ygp3p2CYJ3as_Vi', '4826:56ee:d3b4:8247:16fe:05f8:4aec:85f2', 'b'::character varying, now(), now()),
('e460c0a2-69af-4b8c-a7cf-22d7da507f6b', 'Frances Bailey', 'Reese.Buckridge@yahoo.com', '752-812-6320', 'jHK0YQTHdrJh_rf', 'ed25:62b4:97d7:2387:0192:b93d:8b98:4a97', 'b'::character varying, now(), now()),
('5bcbd191-3fa3-4653-8c86-2962c82ee039', 'Bobby Hansen', 'Lamont90@hotmail.com', '536-649-3010', 'QNGFYUQhe7Ltfhh', '0a7d:befb:8552:20a2:62a7:5f06:8cc3:f5ff', 'b'::character varying, now(), now()),
('3da0c771-5f16-4257-8edd-feda204fae36', 'Eden Kuvalis', 'Gwen.Torp@hotmail.com', '959-602-5152', 'NZYA8Rflsy1Cfab', '2d11:fa83:2445:7fdb:d4f7:5c35:764a:d694', 'b'::character varying, now(), now()),
('182b6d9a-08d0-42d0-ba9c-785f88e2d361', 'Courtney Mosciski', 'Korey.Hegmann3@hotmail.com', '778-771-4109', '2NJcPn_bUdEbNY7', 'af3c:0bd9:cf5a:267c:2184:2d77:fdef:0579', 'b'::character varying, now(), now()),
('3e66169b-3b04-4163-86f9-b7caff932909', 'Chester Nicolas', 'Noble.Jast@gmail.com', '255-774-1191', 'eEwmKlArXLzZdER', '4c1e:5424:08e0:d90a:6dc7:884e:9834:87a9', 'b'::character varying, now(), now()),
('1369a229-1e91-4c28-a8e4-e42cba53697c', 'Mittie Smitham', 'Art41@hotmail.com', '568-996-7209', 'ygWHAngF6CpEpn7', 'a9ab:c920:7799:7964:8ea2:e24d:234d:8e30', 'b'::character varying, now(), now()),
('07a675d1-9605-406e-9ab7-821e58fc0426', 'Shanon Wehner', 'Jaime.Turcotte67@yahoo.com', '340-242-0024', 'psiLXOO57fFfXJM', '907e:f7b1:9634:cb11:4ba2:fad5:f2a4:6e44', 'b'::character varying, now(), now()),
('f247c2ae-6642-4e88-9ce8-363123a302fc', 'Lucio Wisozk', 'Leon_Gleason54@hotmail.com', '319-313-4004', 'CQBuLyVsku5onpv', '5586:6018:24c4:393b:d646:4aa1:28aa:135d', 'b'::character varying, now(), now()),
('63a47afc-b5a3-4fd8-8bf1-69bf8615530a', 'Daren Nitzsche', 'Glenna.Homenick@gmail.com', '762-414-6583', 'nyP2MK5anSNIPCH', '2331:d16e:6dba:2f24:4133:186b:333a:54f4', 'b'::character varying, now(), now()),
('91b58c5a-8f48-4a97-94ae-3ff3aab259a9', 'Daphney Lesch', 'Enos.Schiller@gmail.com', '627-506-0065', '1yAwhP0h7c6KtBC', '4a81:5cff:2953:7b13:d8db:1f9b:0018:a4b3', 'b'::character varying, now(), now()),
('ba7562d5-ef72-4de9-8a83-b8a705e4f20a', 'Daryl O Reilly', 'Maya_Watsica13@hotmail.com', '531-454-3880', 'MORLe2tqkfONo4l', '10db:24c3:6171:ca72:8fd4:0ca0:db1a:78b8', 'b'::character varying, now(), now()),
('c815ffae-3d1c-48a8-a36d-1c81dfb6de90', 'Akeem Wiegand', 'Wilfredo.Krajcik74@gmail.com', '902-479-6371', 'qZtEsI9bKf2bkxA', '1b98:03e5:24da:7ce8:5456:8949:8121:7afe', 'b'::character varying, now(), now()),
('b26ae46f-7d06-4fb5-a380-e47356e5be9c', 'Davon Shanahan', 'Wilton.Johnson12@gmail.com', '590-903-0502', 'YNOXvPnEgEtu8OM', '304b:a677:e403:e135:72ed:7673:853f:d0e7', 'b'::character varying, now(), now()),
('397eee78-61e8-4d00-bd76-c5fb3d5fc60a', 'Forrest Runolfsdottir', 'Humberto_Parker@yahoo.com', '348-527-3419', 'xt85SdTqC8bFiVB', 'b9ea:28ba:8d91:c942:b3fd:262a:c5b3:5275', 'b'::character varying, now(), now()),
('75a5ceea-1fb9-4b13-aab1-6749631d5d3f', 'Enrico Simonis', 'Abe_Cummings66@gmail.com', '229-606-0751', 'onwZTR1EqyVc6iP', 'f35e:1349:5fba:f86f:3fa9:81b4:7bf0:2747', 'b'::character varying, now(), now()),
('6e2e8d11-5a87-42c7-8b38-ab176d2d0480', 'Ilene Zulauf', 'Norval_Johnson@yahoo.com', '833-899-4198', 'urEJ8poi3b2Q_p3', 'd452:f2d2:1707:3409:6bb1:61e6:9ddd:4601', 'b'::character varying, now(), now()),
('3660e624-3338-49c7-bc64-5570ef408e53', 'Jose Volkman', 'Estevan_Fadel@yahoo.com', '554-587-2794', '4ezg03N6d2YznYR', '6459:011a:762c:6268:9054:04ab:a1fb:908b', 'b'::character varying, now(), now()),
('e2ce96e4-ee74-425e-9052-db5b8783e705', 'Guy Berge', 'Daphney_Glover@gmail.com', '373-471-6862', '8n3tKpjeU2UYFs5', 'a577:5a79:608e:a650:fa52:006b:411b:ffe1', 'b'::character varying, now(), now()),
('f08a3dcd-0f45-4803-b35c-de085275815a', 'Marlee Terry', 'Julian.McCullough@yahoo.com', '803-874-9030', '6WjPQvXCj_MEW0c', 'f6e1:60e6:06f2:3e28:0746:0344:e504:2007', 'b'::character varying, now(), now()),
('01928bec-10ab-499e-b531-c6c784febbc0', 'Lennie Kihn', 'Stacey_Bruen65@gmail.com', '745-956-1380', 'tQ3pGYT0_XZr3Qq', 'ab40:1b3b:8fe7:a789:0829:16c4:9c7f:a669', 'b'::character varying, now(), now()),
('2ff2b630-21f6-44fe-b753-1da70ee58f65', 'Zora Brakus', 'Darrell8@yahoo.com', '343-504-8096', 'WehppfZa8LWOCEg', 'cbca:4a7a:ac86:41e7:8e99:78be:ff16:e1af', 'b'::character varying, now(), now()),
('d84a6b0b-6732-46a8-a8d7-feaad85c701e', 'Malcolm Trantow', 'Bria.Pacocha@yahoo.com', '907-921-3498', '3EYOyVMqKTk0syv', '4aec:ecc7:c994:3ea8:e0bd:bb96:6038:3b07', 'b'::character varying, now(), now()),
('16fe258c-4eb4-4a10-bfa3-6cf49ecc05f6', 'Jayme Cronin', 'Ramiro_Bogisich42@hotmail.com', '935-999-2285', 'bVQ0FRfwDRH6dS8', 'ef13:6ddb:7337:08a7:b88a:277e:4700:c01e', 'b'::character varying, now(), now()),
('00a21b5b-bda3-4eba-a224-28c3c9359810', 'Fernando Kessler', 'Randall_DAmore@yahoo.com', '313-807-2129', 'AKpo64FR0bOq1cw', '52c2:2d07:5c1a:6f66:1679:410f:2c1c:488d', 'b'::character varying, now(), now()),
('9b8979ee-59e5-4046-8a7e-b799f10991b2', 'Stan Schmeler', 'Isidro.Torphy@gmail.com', '234-240-2281', 'Ngn3SK3GpSyuOeI', '7f95:b836:eaf7:83af:24fe:c1da:e7e8:a6d5', 'b'::character varying, now(), now()),
('cb11482c-0cce-498e-a7a9-598917a50b94', 'Zora Orn', 'Cara_Cormier@yahoo.com', '311-671-9888', 'gv4L6MnZFoxTqKd', '7ee7:9645:ba2c:8461:bf97:01e9:e998:8c80', 'b'::character varying, now(), now()),
('4bebdfd4-e26d-4ba7-b556-5c37c6d9084f', 'Hilton Hayes', 'Horacio10@hotmail.com', '928-687-7672', 'sJhYL66uDtqfLMZ', '68f0:0a05:030a:a6f4:3b7c:817b:57a3:c288', 'b'::character varying, now(), now()),
('3166baea-f750-4849-b8df-0682efec8ea2', 'Royce Franecki', 'Ladarius_Runte18@hotmail.com', '956-468-7489', '1_1yZkVRCqqhBuB', 'e70b:176c:ed4e:c974:6190:b21b:84ca:041d', 'b'::character varying, now(), now()),
('ec6f13ca-7455-4b8f-b81a-3eb7dc3adde4', 'Albert Luettgen', 'Darwin57@yahoo.com', '504-409-2603', 'EtWUYzbGmstRYuT', 'def3:d6d2:55d8:3836:63f7:364e:c1ba:4af3', 'b'::character varying, now(), now()),
('a0616339-61a3-4980-8bc7-ce898914f7d5', 'Joesph Rodriguez', 'Beatrice_Bogisich@gmail.com', '869-467-2765', 'LckoP_KKZ0a3suV', '590a:a672:0544:0f85:0992:6d64:05c9:241e', 'b'::character varying, now(), now()),
('15b761c8-c113-4479-90d1-c5bce9820908', 'Owen Beahan', 'Cory92@gmail.com', '660-633-5284', '5WTB5i9BVAeaq4x', 'f5bd:8144:5f28:6abf:9ae2:c482:4bb2:2119', 'b'::character varying, now(), now()),
('4240580a-4b69-47a3-bac5-6184c56e862e', 'Ernest Dare', 'Brycen_Pouros57@yahoo.com', '599-286-4375', 'JEGDi9xbnsEfWx5', '3b37:0f89:55d3:5319:fad0:6851:dd0a:31c8', 'b'::character varying, now(), now()),
('15ea7a6e-5aeb-4ab3-af1f-d07e24a705a8', 'Ransom Prohaska', 'Deangelo_Cole@yahoo.com', '262-863-4717', 'idiB6QR6FU_6Ff7', 'b289:1adc:21dd:b186:4beb:d892:9799:c1de', 'b'::character varying, now(), now()),
('7cebe9e2-e42b-4100-bd74-6b5cebf313ec', 'Delphine Macejkovic', 'Nathen17@yahoo.com', '263-572-9244', 'IZe_44W56qIEQcT', '80df:9466:9c4e:3498:4832:2238:2ee9:a73e', 'b'::character varying, now(), now()),
('c3eee5eb-1952-4251-a490-e9ec7e313c27', 'Vern Lubowitz', 'Juliana.Connelly@gmail.com', '342-443-3165', 'u8se66C4R2YTLk6', '38bd:ed02:7ade:0bcc:f8de:b3e9:ef87:0bba', 'b'::character varying, now(), now()),
('e15ce080-727e-47cf-8ec8-9b9ec6d35b0e', 'Cristina Kutch', 'Samanta69@gmail.com', '943-782-0128', 'VvvtelLlGwrvyfi', '0892:0781:7ea1:2b97:6b6f:fa65:8b07:31b1', 'b'::character varying, now(), now()),
('e7e7134b-5ecd-4a73-bc4a-ec9dc241c699', 'Eloisa Grimes', 'Jerome_Armstrong9@yahoo.com', '627-477-4530', '1FxVDjKeSX1d_sL', '6520:2506:4838:cbb9:068c:f96d:da9f:22db', 'b'::character varying, now(), now()),
('b5077ea9-7dab-4c30-b63d-a10c67498fb3', 'Dave Luettgen', 'Dax_Hand@gmail.com', '795-349-2378', 'AWA6Hpf0clZRsfG', 'de7a:92ce:b491:9fae:72eb:6d8c:a329:3701', 'b'::character varying, now(), now()),
('8ea3b9ef-326a-4dde-9f49-5e8dd988ccf4', 'Triston Nolan', 'Adrain_Crona@yahoo.com', '226-572-3771', 'wlLsVozMDb2Rux2', '6cc6:62b0:8ba2:a778:1140:718a:2215:ed87', 'b'::character varying, now(), now()),
('a22ed6aa-41fa-441d-9051-9d91b510485a', 'Jarrett Simonis', 'Arnulfo_Larson@gmail.com', '796-577-6738', 'n1kkLInU0n7xvaq', 'ffe8:bc41:823a:42cd:1f06:1909:fb3b:309b', 'b'::character varying, now(), now()),
('a6ebb61d-a79c-40eb-a97e-bf172f4b0b62', 'Edmund Halvorson', 'Rosina.Morar22@gmail.com', '479-704-6492', 'hMdZ4rnUqiqCHLD', '89d6:3fe5:27f2:8a00:c581:bad7:6974:8bbf', 'b'::character varying, now(), now()),
('8f77abf4-b644-4664-acc9-2c8b2a71d344', 'Shaniya Lang', 'Avis_Durgan41@yahoo.com', '675-353-2233', '5FWJCCwUNmRVUgn', '0361:0142:b9a7:4b8d:9afc:7289:f9b7:0966', 'b'::character varying, now(), now()),
('c74ec744-6001-40e2-9672-319c12b99ffb', 'Jamarcus Schultz', 'Blaise_Kessler45@gmail.com', '957-790-6952', 'eoAW6JzyXABnOew', '004e:e9e7:d6bc:5277:912b:c5d9:f9da:620e', 'b'::character varying, now(), now()),
('6052ba7f-333b-4915-a8af-809471006e93', 'Berniece Roob', 'Kale.Spinka@hotmail.com', '809-966-9259', 'VjREDiiVy_ITfjO', 'f93c:d626:5c0e:f5a2:0758:853f:a654:b30d', 'b'::character varying, now(), now()),
('b1b87e5b-fb00-44f6-96bc-775e450aba98', 'Gabrielle Kulas', 'Desiree6@yahoo.com', '594-965-7911', 'lvbWpBmQcshFTRT', '406b:ebd8:07fd:3ced:eb29:339d:53aa:a5da', 'b'::character varying, now(), now()),
('8a1da9bd-cda3-47e0-a41b-b06bbaff6bb9', 'Guadalupe Kshlerin', 'Belle_Hackett@hotmail.com', '663-888-0408', 'dIhUREogj4_SrWR', 'f20a:1729:5b83:e27b:2318:eaa9:096d:af5b', 'b'::character varying, now(), now()),
('7414013a-d4df-4460-afe4-b4a13422d190', 'Jorge DAmore', 'Arnulfo_Wisozk41@gmail.com', '834-930-9656', 'aEG77DtxpaZJQDD', '6a13:c3c9:51bc:b1ae:1a86:263d:8de9:d9a6', 'b'::character varying, now(), now()),
('9f3c1896-9b33-4f01-ad62-e7ce7b718e92', 'Tomasa Johns', 'Kendall98@gmail.com', '575-923-7851', 'lkkCRiz3AV7Gffn', '1995:e856:decf:a4dd:0baa:292c:917a:2f4b', 'b'::character varying, now(), now()),
('8c15bca6-7431-4000-a228-89a90a94154d', 'Hailie Spencer', 'Jennie_Hessel23@hotmail.com', '945-259-7050', 'WMoXarZuDXIdaxf', '0269:e063:9aef:81d8:805e:f7e2:23bd:5c59', 'b'::character varying, now(), now()),
('3f5cdad8-aff9-438e-bb6d-8130c130247f', 'Spencer Hettinger', 'Aubree_Goyette@gmail.com', '792-434-1775', 'Fp2DVwv0bXaOzDI', 'fbb4:eb7b:7ae3:7c03:a80b:c4e4:8131:df18', 'b'::character varying, now(), now()),
('020cbf67-12b9-4e71-b036-c3cb53faabed', 'Lorenza Maggio', 'Llewellyn70@hotmail.com', '830-462-7196', 'MWTHePjuPjcmoam', '83c6:3194:13e6:a5da:ae9e:8af2:4065:8950', 'b'::character varying, now(), now()),
('43a76c6a-0e6f-446f-b650-5da9ac92a88a', 'Ivah Welch', 'Dorcas_Ziemann58@gmail.com', '570-939-2811', 'rUMjtVrqOHOfLoa', 'a2d2:4633:c8de:eb14:8a53:c5a6:a558:ca8a', 'b'::character varying, now(), now()),
('83a348e7-4e85-4bcb-b778-761793d33221', 'Martin Denesik', 'Gregoria.Heathcote@gmail.com', '340-735-0089', 'pPowP_s8zbtLHpR', '438d:9851:687d:8db8:5074:2f26:bf9f:cd8b', 'b'::character varying, now(), now()),
('f9e5a80a-57ac-4574-9930-5a7aef48c90d', 'Laurianne Orn', 'Lourdes.Fahey@gmail.com', '944-407-6507', 'Mqr99drhgqb6F8F', '6865:46e7:6063:7ee2:ef5e:6088:ae7c:25a3', 'b'::character varying, now(), now()),
('1ec2a998-c773-4205-972a-79673cf36ad2', 'Dorthy Purdy', 'Tod27@hotmail.com', '829-901-0256', 'sJkFRR9JSODJIkP', 'a2f4:e7e8:a678:b3b2:62e4:a3a7:c664:a443', 'b'::character varying, now(), now()),
('67d19568-d7b2-45e2-b00e-1bed1a61d00e', 'Denis Hirthe', 'Deshaun44@gmail.com', '520-820-2281', 'RLMTJcwuvSH0INE', '2c09:c487:e5d6:075f:f2f9:1c5b:d297:57d5', 'b'::character varying, now(), now()),
('10c9420b-417c-4d4a-8bcd-80b5075b75df', 'Simone Dicki', 'Leon.Dickens36@hotmail.com', '230-544-9406', '44X17kZQGOz0Azj', '3bc8:1d36:4a60:e6e1:a292:c955:7b60:7370', 'b'::character varying, now(), now()),
('527e43f4-684f-4a47-84d7-3fb79077e223', 'Lonnie Hansen', 'Eden_Hansen@hotmail.com', '884-597-3745', 'M9qShiVECL3cyfU', '2ed0:685a:3ce3:8a25:f6e0:4109:c610:e276', 'b'::character varying, now(), now()),
('d3eede7d-a951-427c-b80e-990a2e6d1143', 'Marisol Tillman', 'Arne.Beahan@hotmail.com', '908-545-6942', '6tq8kNE0srSwfDm', 'c9fa:fe9e:3888:79e4:baa6:9323:fcd5:0ceb', 'b'::character varying, now(), now()),
('ecf11b7d-5cc1-49b2-b653-988b583fbc09', 'Magdalen Cormier', 'Foster.Larson@gmail.com', '392-370-8430', '2_OaSlOmIPyuMCs', '9abf:7a2d:b51c:e173:5bd2:ed73:c60a:2c95', 'b'::character varying, now(), now()),
('924cbec8-0a4a-4d12-917a-005c40c5bd30', 'Kadin Grant', 'Shad99@yahoo.com', '884-617-4125', 'EQhFZUFy60vPTfb', '7575:1418:f922:9a11:1b0c:22b1:b637:c18b', 'b'::character varying, now(), now()),
('af8b9c78-25f2-4f3f-981f-4ff1c9f9292a', 'Enoch Dach', 'Rocky_Littel7@hotmail.com', '782-696-6209', 'xJA6gCoDDGcvbUm', '5b51:6c97:736f:dd47:1623:b765:490c:1b4b', 'b'::character varying, now(), now()),
('b00902c4-d5ff-45ae-b6fd-984cc1c1c784', 'Deja Fritsch', 'Rogelio_Abshire54@gmail.com', '377-689-0780', 'rDm7UvaBBZxWyGl', 'bfc5:69e7:f9af:13ae:6b5b:439f:da9d:8c3d', 'b'::character varying, now(), now()),
('853bc4d1-f478-4ca0-b2e8-26eb3bb5a58b', 'Cathy Gaylord', 'Arlo.Dooley@hotmail.com', '654-668-7837', 'udmRksaW5p6Ivqv', 'e605:0fbb:672d:e310:84a8:5fea:5503:cb11', 'b'::character varying, now(), now()),
('13389b35-4e88-4924-83c4-44d9d9c8a172', 'Gerald Smith', 'Sigrid_Ziemann@yahoo.com', '833-613-0091', 'NFAmYMzxtMhYGPQ', 'f161:dd63:fe3a:ffdc:3fa1:1ae1:4a10:c015', 'b'::character varying, now(), now()),
('77efd0f2-d484-46e3-86c0-d8b52426c6ee', 'Elena Bailey', 'Russ22@hotmail.com', '257-388-5713', 'GReOprizisBfPsS', 'a695:d3de:a4c4:5e54:cd1d:fb58:f316:fff8', 'b'::character varying, now(), now()),
('9d577a5a-3a8d-47b3-adae-a3ec4013cc7b', 'Margarete Auer', 'Kailee_Satterfield39@yahoo.com', '224-891-8904', 'OnIdc5mybQDYldb', 'cdef:0017:2b75:084b:7121:5032:e6a6:0572', 'b'::character varying, now(), now()),
('e86afe66-8222-4e71-a22d-80e47bfd6be2', 'Keagan Mayert', 'Josie13@gmail.com', '528-386-9948', 'vGABH87WgdZMzsS', '4b6d:67e1:6b65:b59b:6502:85f3:dd69:707f', 'b'::character varying, now(), now()),
('953502f1-3e8f-484d-aab5-113f96d17866', 'Katlyn Mohr', 'Jeremy_Rohan15@yahoo.com', '959-743-1249', 'xCB5S9_mo2zdw5I', '5d08:1c05:2778:26f6:cc09:5fdf:e25c:6ae4', 'b'::character varying, now(), now()),
('40b45930-2d5d-4eb9-8358-8f239e6e5ddb', 'Sarai Tremblay', 'Jennyfer.Lindgren@gmail.com', '455-263-9170', 'zluLPnc94yKl4Fv', '0376:d997:29c7:fb1a:6a60:2162:b3ee:653e', 'b'::character varying, now(), now()),
('25285473-2d1e-4220-be25-232d79c3fd0f', 'Uriel Kozey', 'Samir.Streich13@gmail.com', '730-968-9363', 'RxZYmbUJXc3fDtl', '4086:7ac0:d877:5bb9:52c4:8965:f646:4b3e', 'b'::character varying, now(), now()),
('fed63b44-e4d1-4319-95e9-8ac34247568d', 'Cullen Nicolas', 'General83@gmail.com', '495-347-3373', 'MBwtFiX8Pmk1H6S', '51af:22e3:e152:4423:88e1:0543:f08d:fd2e', 'b'::character varying, now(), now()),
('8c3c68d3-8d0c-4193-af1b-8a7ff9220363', 'Xavier Johns', 'Jerald54@gmail.com', '359-710-2325', 'VnyFiavvBEwjCk9', '6973:93ea:acd7:dcab:79b0:2569:3f3a:de52', 'b'::character varying, now(), now()),
('0573c8f7-87ee-42bf-8ff3-dc36c00c9c13', 'Marcia Aufderhar', 'Ulises78@yahoo.com', '600-661-4821', 'HEmxLobRmt9bhFf', '47ca:5fcc:ff3e:7be0:8cc1:71e0:8729:3bd0', 'b'::character varying, now(), now()),
('a3d49fdf-a6a1-4ec2-b7b6-7b2f00db23c9', 'Octavia Metz', 'Emerson_Harber3@yahoo.com', '780-311-3591', 'QiBl0XXKvTGtbcQ', '2358:06dd:9e8c:0d75:b87e:1767:fcce:6f4a', 'b'::character varying, now(), now()),
('213f270f-fd4b-4ea2-a31c-ac35dc5c75bb', 'Jo Marvin', 'Forrest_Volkman70@gmail.com', '813-205-4690', 'h3YXrhe_wW5YSSm', '7f25:4b97:76f3:e2e5:6c41:258e:63f1:5354', 'b'::character varying, now(), now()),
('438ce7f2-3148-4d78-9a83-dc2dbd6b3933', 'Harmon Kirlin', 'Lurline.Tremblay26@hotmail.com', '404-727-9276', '0DeX5vBV9UsTciF', 'b0b5:2835:cee5:63c5:52ed:e7b8:143f:ffd2', 'b'::character varying, now(), now()),
('09c0f4cd-1f6b-467e-82fa-217ba3545c86', 'Gianni O Reilly', 'Steve.Hammes7@gmail.com', '439-437-2309', 'VQhMFZz_zfKQXHw', 'c101:7479:4e5d:c864:62d5:6483:e98a:9f75', 'b'::character varying, now(), now()),
('91c892e4-de23-4cb7-a7c9-8b8333287c8b', 'Theresa Marvin', 'Rico.Farrell79@yahoo.com', '588-810-3519', 'Z3JR7VI3aS6wTuI', '33b3:827c:0f92:d8db:2022:4463:20e3:8d67', 'b'::character varying, now(), now()),
('9401118f-cae3-439b-82eb-7a2c46006ec3', 'Madge Hermiston', 'Kasandra.Zulauf98@yahoo.com', '547-381-3640', 'h4YRmcYVldjxJz5', '3bf0:6aff:7873:9b94:b036:61a0:ece0:54a2', 'b'::character varying, now(), now()),
('e4962e33-53a2-4d15-8485-d696b3053f9f', 'Waylon Nolan', 'Isac23@hotmail.com', '675-734-0750', 'JgClG2L4B63kcsM', 'ea09:0187:ce74:b871:fe0d:3ba2:55de:ab23', 'b'::character varying, now(), now()),
('433717a6-83a8-4a34-8d6e-67fd4d4486ce', 'Stanton McCullough', 'Halie75@yahoo.com', '928-232-8568', 'U9NRqNC_1XU8OhT', 'dbb1:afe5:4822:2c8f:eca9:fd34:0c90:7d3c', 'b'::character varying, now(), now()),
('cddbb6f5-2a3b-4aa3-8141-21328cdce9d4', 'Mollie Hartmann', 'Violette33@yahoo.com', '468-614-2153', '_4AsyzV21P7bowd', '5818:5626:3292:1f7a:9de8:00c7:ccbb:e4c6', 'b'::character varying, now(), now()),
('54855c85-2c32-40ce-be77-6342f05dbfcf', 'Emmett Padberg', 'Kitty66@yahoo.com', '219-459-9669', 'km_nT1qwR_iuZfx', 'de2a:6e88:13d7:4f99:9a11:84f7:752c:1577', 'b'::character varying, now(), now()),
('eb168b6f-f87d-4d86-b6a5-8aa60d4ebc4d', 'Estella Rohan', 'Carrie.Mertz@hotmail.com', '482-736-7568', 'AVXCFmojpJsnKwf', 'ae35:de41:fd49:e192:06c3:6b4f:09d3:8e7d', 'b'::character varying, now(), now()),
('38bcd9a5-8b72-45a1-9ec1-942601eb375b', 'Jayme Dach', 'Gayle_Okuneva60@yahoo.com', '399-745-5319', '45ypNyffTE5er0v', '2e42:88c9:bbdb:2add:8fa7:9f9d:b2f4:d635', 'b'::character varying, now(), now()),
('cd7a6242-7f3b-409b-98c9-325f31f39999', 'Charles Johnson', 'Brice95@hotmail.com', '435-758-3442', 'kACHC8rDbaufkTy', '7480:edd3:fb58:517f:6ba6:7190:7c1a:27da', 'b'::character varying, now(), now()),
('2b386c5a-5849-4a08-8bef-2c7d1e3cb4e6', 'Ida Fritsch', 'Sister69@yahoo.com', '216-554-0355', 'RX92nqzDlRDaMK9', '291d:d6fe:0d0c:a1c1:fb0d:23e4:707a:cef8', 'b'::character varying, now(), now()),
('6dddc15c-20df-4661-96d7-41a4ad7429d2', 'Paul Kuhlman', 'Maribel_OConnell@gmail.com', '243-769-0272', 'BaYamz26vPqHM4_', '5521:e4a7:7827:eacd:941e:c894:45d1:4c31', 'b'::character varying, now(), now()),
('d46e4b2d-3970-4bf5-a672-24abafa3693b', 'Nolan Nolan', 'Jonathon18@hotmail.com', '690-219-5216', 'v1v06wDS2Daemci', 'dda8:a9d0:02c8:809a:33fc:9e8b:bbfa:b9ab', 'b'::character varying, now(), now()),
('f4dc92ce-83cd-4a80-99aa-5c36ef30d11f', 'Amara Bergstrom', 'Ransom.Zieme@hotmail.com', '937-901-8506', 'cZmLLAInrGQ74Ji', '21f7:00d1:da77:eae9:7da4:7945:50d5:aa2c', 'b'::character varying, now(), now()),
('ff45e780-a110-4017-9aa8-76a243c88ae4', 'Magdalena Bode', 'Enola_Lebsack7@hotmail.com', '992-264-7552', 'JUuVMaBaKLz3tr0', '6134:8cef:2e85:c0a4:9e2e:90ec:4aa9:77fc', 'b'::character varying, now(), now()),
('ebce71e9-a01b-4113-bf12-59eed03c1eaa', 'Royal Wiegand', 'Benjamin2@gmail.com', '430-816-1100', 'BJ8FBcw3Kw0PwO3', '0ef3:3085:dad9:de64:6d07:7651:4e2f:5ead', 'b'::character varying, now(), now()),
('af70e32c-78ea-4bae-ac01-e47980cb1eab', 'Ashton Cummerata', 'Leopoldo.McDermott@gmail.com', '618-983-4325', 'wNw3iQXcR4wOXGw', 'be97:4dc2:0cd4:1998:b8ca:78cc:aef2:53df', 'b'::character varying, now(), now()),
('9bc2167e-84af-462d-8683-db630c12bb7d', 'Bryce Harvey', 'Dexter_Nienow46@yahoo.com', '931-601-6993', 'KouWQAUBTVt8333', 'eec1:f0cc:f46d:4269:959b:fc65:6287:52a8', 'b'::character varying, now(), now()),
('77245ce3-06c5-46a2-b2b0-fdabcf7af619', 'Monica Koelpin', 'Clement50@gmail.com', '626-401-2077', 'La2SnucU6_R1HZK', '18e3:f239:8a33:6484:16c6:9669:28de:7b9e', 'b'::character varying, now(), now()),
('4acf048d-ea18-43af-9552-a3dc5fc63658', 'Eliza Ernser', 'Jarvis_Reilly24@yahoo.com', '529-371-0193', 'IoLKfR8CJi1R5Cv', '9559:e5a5:97c1:5d67:f6df:7e8d:7bd2:15b7', 'b'::character varying, now(), now()),
('5b116350-a683-4911-b662-60a75a1c773f', 'Nasir Howell', 'Devante.Hilll@gmail.com', '237-701-3713', 'k_cyh4jgymjcv1P', '87ac:eca7:d884:749f:f7d0:cd9c:8eaa:f1c7', 'b'::character varying, now(), now()),
('bd017de5-4570-4b23-8ebd-b1ec197a10f6', 'Aubree Hintz', 'Caitlyn_Ondricka@gmail.com', '221-877-1846', 'tZXKOSxivQQOyA2', '4645:4255:ebcb:e454:b614:08d6:530e:cf6f', 'b'::character varying, now(), now()),
('63870d34-8bf2-4c32-8def-dbe3441e74a0', 'Silas Kovacek', 'Rose_Lueilwitz@gmail.com', '834-868-0252', 'lZRDaOKZ8lrcEzs', '6a27:4941:2cdf:701b:4189:1fb9:3b57:3602', 'b'::character varying, now(), now()),
('6d703488-3e1e-47fe-93b6-de3cdff85d11', 'Cicero Kreiger', 'Caleigh19@gmail.com', '208-339-7560', 'UOEQ7Xq9Qk_unR9', 'cedd:e80b:dfeb:4051:ea4f:cbf6:3692:7000', 'b'::character varying, now(), now()),
('6865a936-ea09-4bc2-b6f9-346e903963b6', 'Novella Bernhard', 'Kiera.Cruickshank@gmail.com', '775-671-7088', 'Wyhyhi4u961hzgf', 'acfe:5f0d:73ad:3138:5da7:666d:341e:07ab', 'b'::character varying, now(), now()),
('3e24aff4-8e46-4bbb-8a6e-6cdf8506b218', 'Cydney Cummings', 'Alysha40@hotmail.com', '888-498-9737', 'aoUUlCfAH6_VwZ0', 'b8db:43b4:3cf6:df5c:b095:a8bb:0b35:1778', 'b'::character varying, now(), now()),
('44295fea-e8e0-43dc-97b2-ab841cb66f34', 'Liana Hartmann', 'Daphne_Parisian67@hotmail.com', '493-936-9940', 'MjuIkOyy10AqUKh', 'c7b8:eccc:9447:0876:b039:cb74:e571:8f00', 'b'::character varying, now(), now()),
('041bc068-adaa-41aa-a63d-115679ccd10d', 'Daniella Watsica', 'Aubree.Kshlerin@yahoo.com', '275-664-3079', 'KSUFCks65sgRH0V', '7a06:4cf9:4569:ae74:1276:ed57:6e78:891c', 'b'::character varying, now(), now()),
('e7bf5d5d-e055-4876-9301-c1ecd711201c', 'Elta Weimann', 'Santos.Bogan@gmail.com', '442-835-3565', 'suw_7A5guze0unO', '067b:9531:8409:38be:14a9:2912:df8e:5dd0', 'b'::character varying, now(), now()),
('1a3e939f-3be1-4c5c-819a-8453f1ee0c20', 'Juanita Schiller', 'Montana33@hotmail.com', '451-499-6598', 'HrV9eOPAGik80Xd', 'd34c:2788:f1bd:324f:1bfe:83be:c755:ebff', 'b'::character varying, now(), now()),
('fec0a7bf-ebdf-4dd9-95a4-996cd395b25c', 'Cristobal Bechtelar', 'Rosario.Hills73@yahoo.com', '797-345-4794', '8dLDYZ2vdoaiVpo', '2369:483a:41f8:09c7:7a5e:67ef:d1d7:0b49', 'b'::character varying, now(), now()),
('62d23378-7ea2-4119-8f6e-8c378c18d209', 'Thea Hoppe', 'Bridgette42@hotmail.com', '908-238-2030', 'F_P5zX5gDc2CN43', '19ee:10df:dd48:9887:0082:ec45:9d8b:c9b2', 'b'::character varying, now(), now()),
('e3ad273c-70e3-462b-af56-93eb046f4f0d', 'Gunner Funk', 'Reta_Jenkins67@hotmail.com', '813-927-1103', '3DJ9m_UOBXLThV9', '4f37:dd7e:deb0:2919:d822:c106:af5a:dfdc', 'b'::character varying, now(), now()),
('680727a0-8646-40e4-8062-7e186b8ef190', 'Lowell Mayert', 'Destinee.Sporer@yahoo.com', '789-428-3271', '48mmyOK2Qv5TnIh', '264b:b1fa:21f0:5f57:8a8b:5184:044d:ae01', 'b'::character varying, now(), now()),
('faf814a1-531a-49cf-a639-85740e629f65', 'Gregg Keeling', 'Theodore30@yahoo.com', '513-947-6641', 'c8s2nLNR072kSCn', '25a1:5dae:ab0c:6238:be7b:4590:99e5:a275', 'b'::character varying, now(), now()),
('107f1fbc-492a-486d-8942-b1c13b573e00', 'Bridie Swaniawski', 'Nicholas.Rosenbaum@hotmail.com', '749-445-6383', 'tGxUKwX4npCZgp6', '3f13:494f:e48f:31d6:d1ac:e7ad:9553:f199', 'b'::character varying, now(), now()),
('b52244a9-a44d-42ef-8acb-4c9fe652c8a3', 'Beatrice Reinger', 'Alyce_Kassulke@gmail.com', '552-495-7279', 'WXNBCauNyg2zU1v', 'd400:b725:721d:1666:12f7:b089:fc5a:ac4e', 'b'::character varying, now(), now()),
('8ba62b11-f54e-479d-ad93-ba34d0ed7f30', 'Genevieve Kris', 'Candida92@hotmail.com', '654-833-5887', 'k_0Uw_7aU83lUQ8', '7f10:7df1:72aa:35ed:923c:efab:58c5:0286', 'b'::character varying, now(), now()),
('db7be678-ab9f-48b9-b65d-b09bd35aa185', 'Benedict Oberbrunner', 'Roberta_Lebsack@yahoo.com', '576-721-9314', '2yaQOISKybbF5UI', '34f5:a2ae:95f4:10ac:59de:dc66:3467:66dc', 'b'::character varying, now(), now()),
('6396334a-1521-43a5-8de4-a31febb9c9a7', 'Quinten Runte', 'Madeline.Boehm50@hotmail.com', '306-709-3579', 'BxQ1jDYYdXr6Iov', '71cb:085b:b45e:1eed:f9ab:9e2a:2efd:da67', 'b'::character varying, now(), now()),
('d2c532d6-92d0-42ae-8d83-d54af40d2077', 'Chesley Considine', 'Nathanael.Hessel@gmail.com', '458-579-8007', 'Rk9EuCi7oAmWNIC', '47c1:b943:6059:bc07:802c:292d:3852:65da', 'b'::character varying, now(), now()),
('f8cd8fe2-3cf4-436e-af1c-a21900116a1b', 'Meghan Russel', 'Melvin_Koelpin20@yahoo.com', '838-461-5121', 'd2ILMz6eUBqWw8l', '0cb7:4ef1:e456:807e:72a7:0eb8:15e7:3dfd', 'b'::character varying, now(), now()),
('89b812b1-f03d-4d9d-81e8-a2368fb7a3ff', 'Brandyn Spencer', 'Kira21@hotmail.com', '727-253-6727', 'y5_LVPYlrP3leNC', '7598:7b76:e25c:8b8c:0f9b:a8c3:06a8:d877', 'b'::character varying, now(), now()),
('cb17f40d-2b49-47b1-b61b-8c4f468ff599', 'Jedediah Oberbrunner', 'Dennis26@gmail.com', '310-842-4943', 'VOFdBpkNi0sVtFH', '7384:6c77:c4ad:55ba:f229:a616:51e7:18e1', 'b'::character varying, now(), now()),
('74d51b4d-2e31-4c01-94e2-337e1e4c0ded', 'Lavonne Bode', 'Nyasia_Feest@gmail.com', '246-627-4840', 'a8o9FsmDhVPG6Gw', '34c5:b2af:b59b:5634:7255:1904:8dae:7ed9', 'b'::character varying, now(), now()),
('6747acd3-2927-4c22-9888-13e7131f92f0', 'Lauriane Labadie', 'Darrin.Grimes9@yahoo.com', '571-266-0236', 'E5Jo6AU9BlRjbSd', 'c73e:26d2:1e2d:bd59:ccae:1084:b030:b961', 'b'::character varying, now(), now()),
('63eaafcd-357c-478d-90c3-6ca5284150f4', 'Corene Lowe', 'Marcelle92@gmail.com', '992-644-1574', 'QgOd65DtEtmv3Zv', 'deab:4b51:251a:e686:81fb:f23c:9111:d958', 'b'::character varying, now(), now()),
('86dd73a3-a23f-46e7-9554-9d4e01d63816', 'Carmella Daugherty', 'Abraham87@hotmail.com', '658-316-3163', 'CbjDRFYYdU8v4p9', '1ac4:7ecd:1a3c:37d4:e747:a7ea:8cf9:560a', 'b'::character varying, now(), now()),
('f062c4e5-3fe5-4ba3-b24d-c9ddc7b1d074', 'Ona Dibbert', 'London.Baumbach@hotmail.com', '563-318-4109', 'QbaqAhRYE6ydyuI', '087d:dc75:5800:de09:ce84:e9b8:f369:d46f', 'b'::character varying, now(), now()),
('5db784d7-1566-492e-8d63-76a76acf3938', 'Zachery Langosh', 'Henderson56@gmail.com', '816-842-7540', 'ctU3sAqVpZv9Q9I', '2967:700b:0abe:005d:1daf:249f:541d:744f', 'b'::character varying, now(), now()),
('1f55f6f3-027c-4fbe-9a87-0474f10f292f', 'Marianne Cole', 'Krystel.Lang51@yahoo.com', '556-918-2637', 'VS0F3R_qOs7EyAh', 'ffe8:b3af:9799:6afc:e981:9694:efc8:4760', 'b'::character varying, now(), now()),
('a4f4b05d-3b27-42e7-8c82-f673ecd82000', 'Eric Schimmel', 'Eladio.Stiedemann@gmail.com', '564-695-2492', 'M7Bt3QqMuiTtxgE', 'db8d:66e4:1293:65bc:a2f3:9148:5a42:977d', 'b'::character varying, now(), now()),
('7b1027b6-806f-4726-b458-2784104f7bb7', 'Manuel Gleichner', 'Isaiah98@yahoo.com', '744-338-1749', 'Jw_Si3mx6KPTyiv', '9690:6e20:34f9:ae6c:0509:476e:0631:e926', 'b'::character varying, now(), now()),
('02448af4-f5e9-4b98-867d-602da26a9a92', 'Okey Connelly', 'Sam.Heidenreich@yahoo.com', '581-505-9122', 'OCEah6NLsJtm6Me', '91e8:e9fb:ad05:8bd7:264f:6175:e62e:9fd5', 'b'::character varying, now(), now()),
('70552e9a-b3b7-4be6-82d8-f4d540fff412', 'Casper Fahey', 'Elsie.Marvin@yahoo.com', '254-705-9376', 'mMS3GAt6wTk7ZE0', '84bf:bca3:327f:4df7:be9e:a8d8:86ca:9a03', 'b'::character varying, now(), now()),
('dc992bb1-9375-415d-9b7a-a30ce3b722d1', 'Kim Nikolaus', 'Carrie_Jacobs@hotmail.com', '746-236-4161', 'amf9ooWKWVjdnNE', 'f81d:fe63:539e:4a49:667d:768f:c9d8:c97e', 'b'::character varying, now(), now()),
('e10d4b5c-8aab-4bde-933e-6a34f04e4f96', 'Jerrod Kuvalis', 'Flo.Hoeger72@gmail.com', '490-711-3854', 'OpnPWa2omc00eGO', 'ff6a:fb1e:a1cb:6d28:515f:44c7:c06a:c466', 'b'::character varying, now(), now()),
('c4170d14-6d0a-41aa-a5e0-4c1e3c3cff58', 'Julian Shanahan', 'Danial64@hotmail.com', '934-435-1422', 'uCPhY0cV72M4wkP', '8a51:df46:041e:44db:592f:96b8:0e5e:a3ad', 'b'::character varying, now(), now()),
('cf78fbdd-ddba-4a8b-adbd-b4650bc4dd4b', 'Gia Muller', 'Ramiro.Ritchie15@gmail.com', '678-630-9012', '2DUtqh2_Ylj9e7p', 'c87a:8f59:2ba8:786a:29cc:960c:c630:bc5f', 'b'::character varying, now(), now()),
('efb62d36-b6d1-44b6-b10e-3fad79f2ae15', 'Marcella Cummings', 'Jessie78@gmail.com', '444-605-3234', 'n4mjjnfkDG6ySeC', 'ce0f:1f65:e290:15ee:6f56:dbda:4266:99b7', 'b'::character varying, now(), now()),
('9667d8c7-abff-4de9-b186-4310445ceabb', 'Mariela Volkman', 'Zoey_Will20@yahoo.com', '629-949-7745', 'duLLdHRjFho3CzA', '408f:6df0:438b:d562:b7af:e4bb:6807:d583', 'b'::character varying, now(), now()),
('c4aab06e-cf25-444c-abf4-fe4777fcbb83', 'Melody Leffler', 'Corbin_Dickinson@yahoo.com', '472-770-7056', '3ihURhrc_X1QxCu', 'b004:9faf:6e38:525d:4060:8b23:13bc:82d8', 'b'::character varying, now(), now()),
('cea36f4e-9786-4d7f-ac9d-92d53274a881', 'Dejuan Cruickshank', 'Donald_Mante@yahoo.com', '496-894-8204', 'fY1fx_gh0ohmOU1', '9606:6bbb:989b:7099:390d:e0d9:be74:05a0', 'b'::character varying, now(), now()),
('bbabf80d-44d9-4155-9950-aab0b3467c38', 'Lurline Konopelski', 'Nya_Mertz65@hotmail.com', '232-506-3955', 'IIJ6mCRnnIByww7', 'ebb8:c04a:9778:6f1a:18e1:4500:04c9:29ab', 'b'::character varying, now(), now()),
('98c13ee6-5143-4baa-b0a9-e30ff3c310fa', 'Al Bins', 'Janet_Keebler@gmail.com', '862-646-1948', 'Wkbp5uMH5OLYx2e', 'b258:7051:ca71:784a:0250:fc3f:cf65:8d6f', 'b'::character varying, now(), now()),
('93c4427c-fc5c-423a-9c88-412b815adb56', 'Darrel Will', 'Jewell_Walter7@yahoo.com', '276-775-3356', 'eJa41OpU5gtNnrt', '9f0e:4e4d:05a2:91b5:a5d0:5bc8:0940:616c', 'b'::character varying, now(), now()),
('d76bba24-f3b7-4f54-bfd1-24a2066d48f4', 'Kitty Gusikowski', 'Raquel.Hermann90@hotmail.com', '900-959-9557', 'YiKMv_KpakiNK2i', '8e03:a05a:4506:d827:2d3f:27ea:cb39:ff0f', 'b'::character varying, now(), now()),
('31e60cdb-b7b9-417a-b7ac-ac8c5f726ffb', 'Destin Dickens', 'Adan35@hotmail.com', '661-926-7295', 'r8MpJSYjJfgFBqt', '99d7:c628:cc64:66bb:bb5e:e91d:2c02:2bb2', 'b'::character varying, now(), now()),
('2b1ebd4f-053b-498a-b1c9-25d7ba9ce816', 'Aniya Herman', 'Ricky22@hotmail.com', '593-605-0827', '7FO3ujUlwtQSsOt', 'c853:3aef:3dfd:f251:1a62:2f37:3226:d355', 'b'::character varying, now(), now()),
('20217259-6eff-4ef9-b5fd-c0bc4a3258bf', 'Brooks Grant', 'Ewald.Nitzsche83@yahoo.com', '976-989-6368', 'ma5Ubzg_ds2pX8c', '274a:8ae1:124a:65cf:64a0:9fa3:9f97:b703', 'b'::character varying, now(), now()),
('e053ec74-9e6d-4abb-9726-d1fa1cc18ec7', 'Jevon Yost', 'Rico_Hermiston68@hotmail.com', '334-674-7386', 'Nv2jc5sD3WWlpAG', 'c4b4:4bc6:8edc:9229:0b19:98ff:2740:7196', 'b'::character varying, now(), now()),
('7f1b7191-9c80-4247-a771-adab49e0c433', 'Ellsworth Wisoky', 'Genevieve59@gmail.com', '744-568-3305', 'GIjUi_YH47J4eoZ', 'c387:967b:f1be:7fd4:d8d5:f9f5:5207:c7df', 'b'::character varying, now(), now()),
('28053f9b-2d06-4b8d-870c-85881745d5d9', 'Lonzo O Keefe', 'Fletcher30@gmail.com', '983-664-6084', 'Sm9jbN2E_SZpZz2', '974e:b100:0b97:f211:7a0a:cfa2:1319:d1dd', 'b'::character varying, now(), now()),
('13c31577-93c3-4e6c-9511-8891277855c6', 'Matilde Schmidt', 'Francesca5@gmail.com', '942-840-4638', 'H67FNl1GzQmQljT', '6082:2ff7:aaf2:ac60:e5f2:0471:db39:c231', 'b'::character varying, now(), now()),
('a701f88f-70a3-4f13-b350-bade3761ea12', 'Russell Graham', 'Aylin41@gmail.com', '696-299-2254', 'ZL9HVjMIzwUmkfb', 'b9e8:71b2:d51c:c984:4fb4:45e2:1f4e:5c2c', 'b'::character varying, now(), now()),
('47c39945-e44a-471c-b97e-1034cb13cf21', 'Stefanie Deckow', 'Maryam1@hotmail.com', '859-397-3647', '6W_jRI5n_yFuNT_', '8a02:3659:83af:a70f:2068:7fe3:e8ae:51eb', 'b'::character varying, now(), now()),
('c5f23fdb-f394-4911-b0f1-1a1a389db41f', 'Maia Towne', 'Roxanne83@gmail.com', '739-641-8557', '1e1_gVirmpuDjlq', 'ecac:2c95:b066:9f13:fd80:8de6:26eb:b979', 'b'::character varying, now(), now()),
('95d2150b-c1de-4e76-a9fe-9019c6f6a07b', 'Madyson Swaniawski', 'Eveline39@yahoo.com', '986-866-9228', 'p4GcKmJcK2zn35N', '5056:a33f:c57d:944b:e1df:a314:9127:cc98', 'b'::character varying, now(), now()),
('cc844cc6-8ab0-4570-b411-83e63cdf3b31', 'Melisa Schaden', 'Holden_Jacobi63@yahoo.com', '342-564-5400', 'P7nSF9FzK0PD7qn', '7be4:5426:f577:c189:7643:ce92:134d:71c0', 'b'::character varying, now(), now()),
('a412d584-36a6-47c5-8e59-11f3b6a49a23', 'Gunner Connelly', 'Demond22@hotmail.com', '989-904-8251', 'y216lgpkPDIKRca', '82aa:686a:3a8f:f121:26e7:0aa9:4d25:916b', 'b'::character varying, now(), now()),
('311db9fd-1f1d-4c42-a668-1009938dc5e6', 'Mafalda Schamberger', 'Newell_Bradtke@gmail.com', '299-550-2894', 'DFzW1Hs3omRz2Hr', '266e:1645:d4ef:eed3:ca1b:1f2c:1b3d:1c3c', 'b'::character varying, now(), now()),
('e6074753-9a5d-434b-8fdc-9789e72226fc', 'Jarod Cole', 'Manuel.Parker86@hotmail.com', '609-677-2817', 'x0AntCeYYeN0ZFt', 'c4f0:f241:53b3:11ac:0499:30aa:45bb:62d3', 'b'::character varying, now(), now()),
('b1b4b8fb-97c3-40e7-bc29-fcbca4e53cbd', 'Laney Frami', 'Estella_Lueilwitz58@yahoo.com', '424-666-9431', 'j7BYbKzeYeFmmVy', '4c03:aeaa:1aa0:4fb4:f597:0c6d:32b7:7023', 'b'::character varying, now(), now()),
('d224dad8-dc78-4cf4-b138-0cf63997771f', 'Morris Dickinson', 'Cory_Christiansen94@yahoo.com', '485-561-5965', 'cgfwi5hBmNZVY_U', '7600:fc42:217b:2749:f363:6185:2df5:7711', 'b'::character varying, now(), now()),
('bc30beef-9448-438a-b24b-be574bd663fd', 'Mariam Yundt', 'Frederique_Douglas27@gmail.com', '755-357-7994', 'bYm6YsB8EP0Gamo', '2471:0584:e904:5e81:b75d:415b:b592:d2c9', 'b'::character varying, now(), now()),
('1912ffa5-3ce7-4850-a122-7d20ba2a2fd9', 'Manuela Strosin', 'Noah.Strosin53@hotmail.com', '941-272-3955', 'paJR33T_VHyFai4', '8b06:1f6c:02ad:c10f:87dc:5653:3688:189e', 'b'::character varying, now(), now()),
('e6d69d2a-a651-43cc-9976-d6742cd72294', 'Camille Macejkovic', 'Damien_Osinski72@gmail.com', '880-493-3077', 'RMdqs0lx2gMW2nN', '44d7:7588:9c87:1542:8bdb:9bc4:b1e1:6856', 'b'::character varying, now(), now()),
('7230fa87-a85c-4559-9dcb-a1867a4ad5ef', 'Delaney Steuber', 'Ryley_Stamm31@yahoo.com', '502-988-1277', 'VVo_CLO5qdRYIw1', '5c2a:d5d2:90ac:e4d0:b987:ad48:8ad3:73cb', 'b'::character varying, now(), now()),
('900a4d77-2ff0-4130-bdce-ec6a1eac09b7', 'Vada Hand', 'Emmett_Kuhn81@gmail.com', '322-999-3718', 'ZRa7im76xgrYnv8', '44d5:1414:5ac4:0a69:11fe:0811:475c:957b', 'b'::character varying, now(), now()),
('344aa5dc-bf09-49cc-b5bd-d70690cbad3e', 'Jay Schroeder', 'Elvis93@hotmail.com', '978-643-2611', 'ILlGj0_zxnZd1RQ', 'cda2:f271:9da2:b039:801f:1a9e:a2a0:9972', 'b'::character varying, now(), now()),
('5882fde0-95e5-4a3a-a753-63a39222855c', 'Adolphus Stroman', 'Grover_Becker@gmail.com', '222-743-9761', 'MSCLPzRe9tHAkpV', '9426:faa6:f935:70e9:bf4d:0267:96c7:152e', 'b'::character varying, now(), now())
RETURNING *;
--
------------------------ END USERS ------------------------
--
--
------------------------ PRODUCTS ------------------------
--
-- Essa function não deixa criar novos produtos, dei drop e no final eu recrio ela
drop function control_duplicate_product_with_same_name_trigger cascade;

INSERT INTO public.products (id,"name",image,unit,category,created_at,updated_at) VALUES
 ('3f36fde0-bfed-470e-b31d-2878a5d0296d'::uuid,'Breads',NULL,'box','food',now(),now()),
 ('fde7a903-f57a-4526-b08c-6d5d1d25f1df'::uuid,'Cornmeal',NULL,'box','food',now(),now()),
 ('5a572d4b-09ab-4a15-a7a6-da4f62130464'::uuid,'Cream_of_wheat',NULL,'box','food',now(),now()),
 ('6cdafe82-b08b-44ed-84bb-7663ec36162d'::uuid,'Croutons',NULL,'box','food',now(),now()),
 ('cdd67d06-c204-431f-a0e0-0718bfcf48d3'::uuid,'Flour',NULL,'box','food',now(),now()),
 ('cb347c50-5456-4144-bb35-60d58c4bfc65'::uuid,'Oatmeal',NULL,'box','food',now(),now()),
 ('b6295009-093a-422b-a2a9-f20481c579c8'::uuid,'Pasta',NULL,'box','food',now(),now()),
 ('6011c7a7-7807-4dda-bb43-55489e723c54'::uuid,'Pita_bread',NULL,'box','food',now(),now()),
 ('bbe20c30-6633-4b62-ae48-314ae8b8ce82'::uuid,'Rice',NULL,'box','food',now(),now()),
 ('1086084c-441a-41b4-8250-85980a933d33'::uuid,'Tortilla',NULL,'box','food',now(),now()),
 ('d563f54c-378f-42a2-b2e7-eb95ce984c6f'::uuid,'Beans',NULL,'box','food',now(),now()),
 ('a1493950-532f-45c7-9980-424189c2b2b0'::uuid,'Hummus',NULL,'box','food',now(),now()),
 ('d5374735-9184-454a-b9c0-961d522e8c4b'::uuid,'Nuts',NULL,'box','food',now(),now()),
 ('947c8539-0685-45ca-9ad1-fd693b7789fd'::uuid,'Corn',NULL,'box','food',now(),now()),
 ('8f2cf78b-bfba-4756-b0db-1217569e25de'::uuid,'Peas',NULL,'box','food',now(),now()),
 ('cb266bc1-1633-4b18-948d-6567f2dc4f6c'::uuid,'Potato',NULL,'box','food',now(),now()),
 ('e8c0de05-2019-4951-82af-96081812e037'::uuid,'Sweet_potato',NULL,'box','food',now(),now()),
 ('51ff1022-38f9-4344-80c5-4a01b3a23c56'::uuid,'Almond_milk',NULL,'box','food',now(),now()),
 ('38982308-a1b0-43d4-8950-8422994d376c'::uuid,'Cow’s_milk',NULL,'box','food',now(),now()),
 ('f420d5a5-0c7e-4910-8b83-d5196f93a837'::uuid,'Soy_milk',NULL,'box','food',now(),now()),
 ('42bfca50-ef11-4e6d-b3ee-0a33b106911e'::uuid,'Yogurt',NULL,'box','food',now(),now()),
 ('91b7663c-1909-4ef6-b286-155291eca41c'::uuid,'Applesauce',NULL,'box','food',now(),now()),
 ('d00685f8-275d-42a8-8582-7762853d2c8e'::uuid,'Apricots',NULL,'box','food',now(),now()),
 ('f3b3a92b-9401-49b2-a0bf-ade7ac8a59e2'::uuid,'Banana',NULL,'box','food',now(),now()),
 ('b62f58b7-6cb3-4ce1-8a3a-6ae14cfbe229'::uuid,'Blackberries',NULL,'box','food',now(),now()),
 ('3a4bb918-1480-4fa6-b133-feece8bb6116'::uuid,'Cherries',NULL,'box','food',now(),now()),
 ('cc8e9ca9-b95b-469d-a8f6-a27be1171d67'::uuid,'Fruit_cocktail',NULL,'box','food',now(),now()),
 ('b0d2b67c-c60b-4eed-aec5-fc8db3ea3e26'::uuid,'Grapefruit',NULL,'box','food',now(),now()),
 ('dd196001-f370-44d3-b1d9-661b6f06d5cb'::uuid,'Grapes',NULL,'box','food',now(),now()),
 ('d464afc0-8398-458b-8925-c4376adbe777'::uuid,'Kiwi',NULL,'box','food',now(),now()),
 ('6f28cad5-6282-44c2-bcc7-123d7f74f690'::uuid,'Mango',NULL,'box','food',now(),now()),
 ('ebdfcd7f-c8fb-422f-8b9c-3c4a992f84e5'::uuid,'Melons',NULL,'box','food',now(),now()),
 ('f3c79164-7fcd-4553-8d26-e953ef5b1835'::uuid,'Orange',NULL,'box','food',now(),now()),
 ('70a6a7f2-bfdb-46f7-b398-af7bc71b7e91'::uuid,'Peaches',NULL,'box','food',now(),now()),
 ('191c60e4-3c0e-45e1-b021-9bd773441c56'::uuid,'Pear',NULL,'box','food',now(),now()),
 ('5a86d7f5-0bd6-4af8-b95c-cd4c794cacf7'::uuid,'Pineapple',NULL,'box','food',now(),now()),
 ('ab90c686-761a-498e-8eea-fb51a3e5e125'::uuid,'Plum',NULL,'box','food',now(),now()),
 ('6997878f-0a14-4d15-a8cd-423ba676f108'::uuid,'Prunes',NULL,'box','food',now(),now()),
 ('94b35081-6661-4f61-8437-8775d04b40d6'::uuid,'Raisins',NULL,'box','food',now(),now()),
 ('bd725c74-52d3-490d-961b-0f3f1472af52'::uuid,'Raspberries',NULL,'box','food',now(),now()),
 ('23caba87-1b22-42e4-9bda-8d74b7a5c7a4'::uuid,'Strawberries',NULL,'box','food',now(),now()),
 ('c6123e25-2930-49cc-9a6f-d516acc7c030'::uuid,'Watermelon',NULL,'box','food',now(),now()),
 ('54497739-2b6f-42ec-a878-373451eeeb61'::uuid,'French_fries',NULL,'box','food',now(),now()),
 ('9b207822-9afe-49be-b947-2afa76243ce8'::uuid,'Graham',NULL,'box','food',now(),now()),
 ('fd4f4673-5343-410f-8cd8-ca657c3424a9'::uuid,'Popcorn',NULL,'box','food',now(),now()),
 ('31ac9e0f-dd77-48dd-9596-7237afc5d075'::uuid,'Potato_chips',NULL,'box','food',now(),now()),
 ('f4dd2cde-1ae7-4e7e-9ecc-075e3ad835ae'::uuid,'Tortilla_chips',NULL,'box','food',now(),now()),
 ('e1e2bc17-2fed-4793-8e52-b3a674758290'::uuid,'Barbeque',NULL,'box','food',now(),now()),
 ('f09486e2-ac9e-4c81-b573-7a00881443be'::uuid,'Fruit',NULL,'box','food',now(),now()),
 ('72f97b63-bcab-42c2-ac49-dbf967f240fd'::uuid,'Honey',NULL,'box','food',now(),now()),
 ('207baeea-9e0f-4060-96fd-dac20025efe6'::uuid,'Honey',NULL,'box','food',now(),now()),
 ('878627d5-e6aa-46d1-b36f-27c20da66950'::uuid,'Ketchup',NULL,'box','food',now(),now()),
 ('03964105-37c3-4dc0-bf5c-505fd45a7904'::uuid,'Mayonnaise',NULL,'box','food',now(),now()),
 ('7f3e4986-ffe8-411d-aac7-5e1ae2e228b5'::uuid,'Peanut',NULL,'box','food',now(),now()),
 ('d3cc4b48-3a96-4a75-a815-45d8cc663bca'::uuid,'Ranch',NULL,'box','food',now(),now()),
 ('971c003f-e4a5-4f24-a978-25cc537d995b'::uuid,'Salsa',NULL,'box','food',now(),now()),
 ('f36364b2-d6ef-4d5f-b51f-4d13281bde4e'::uuid,'Sugar',NULL,'box','food',now(),now()),
 ('20bfead4-3e8f-47a6-8ee7-252fb186a07f'::uuid,'Sauce',NULL,'box','food',now(),now()),
 ('1729f7c1-7145-4701-bfc5-4da1b03d99e5'::uuid,'Aroma_lamp',NULL,'un','object',now(),now()),
 ('3a975a72-672b-4351-889a-be904e636434'::uuid,'Beverage_opener',NULL,'un','object',now(),now()),
 ('55b7e905-6dc6-4dc6-9f7c-d628ed5ed610'::uuid,'Appliance_plug',NULL,'un','object',now(),now()),
 ('4a25ee36-0330-4dc2-91f1-754d2db67c87'::uuid,'Paintbrush',NULL,'un','object',now(),now()),
 ('1cb2fabc-cfeb-4020-b0bd-0226f3f76a19'::uuid,'Roller',NULL,'un','object',now(),now()),
 ('ba112450-932d-4693-a982-2c0c57381eb3'::uuid,'Hair_dryer',NULL,'un','object',now(),now()),
 ('6a675d9e-b924-483f-8b1e-50dcb9253c35'::uuid,'Toaster',NULL,'un','object',now(),now()),
 ('4a48b8c1-257f-4ef4-8b54-987765ceef7d'::uuid,'Electric_kettle',NULL,'un','object',now(),now()),
 ('aa43fa21-f2d1-47f9-926f-212dafd83c7d'::uuid,'Television',NULL,'un','object',now(),now()),
 ('be53f363-2942-49a2-807f-d61eb6b428d8'::uuid,'Stove',NULL,'un','object',now(),now()),
 ('e799af05-e642-4fd1-af75-8fd8ae8728d2'::uuid,'Small_oven',NULL,'un','object',now(),now()),
 ('305a7205-2c99-4388-a358-ce66bb7bf923'::uuid,'Microwave_oven',NULL,'un','object',now(),now()),
 ('7b899c27-71c1-43e5-a4a0-e36273e858bd'::uuid,'Evaporative_cooler',NULL,'un','object',now(),now()),
 ('00c71e32-f7b6-49d8-9930-325584d2b73c'::uuid,'Air_conditioner',NULL,'un','object',now(),now()),
 ('a806e3bf-ec78-461a-9bed-e6244265bd37'::uuid,'Vacuum_cleaner',NULL,'un','object',now(),now()),
 ('797c44b2-6766-42b1-af0b-a46774804318'::uuid,'Water_cooler',NULL,'un','object',now(),now()),
 ('830619c0-fcac-4a0c-96bb-b3f3c60746ca'::uuid,'Clock',NULL,'un','object',now(),now()),
 ('bd1b3c6a-68f5-4ab5-a2d8-4fb0372409bd'::uuid,'Sewing_machine',NULL,'un','object',now(),now()),
 ('bbc5cfdc-5db0-483e-8cc8-ded6f713a8d2'::uuid,'Fan',NULL,'un','object',now(),now()),
 ('7e60f4d0-ddc8-486a-b771-df1dc0da7781'::uuid,'Juicer',NULL,'un','object',now(),now()),
 ('59d7193a-2a6c-421c-9b33-a92bc1956236'::uuid,'Clothes_iron',NULL,'un','object',now(),now()),
 ('05685c89-a472-433b-ba4b-8e40f7e2fe98'::uuid,'Blender',NULL,'un','object',now(),now()),
 ('b595d625-7d49-42e3-be8e-9ccf06b899e5'::uuid,'Mousetrap',NULL,'un','object',now(),now()),
 ('89bfcd5c-10d3-4e3c-ae6d-9288534b2b79'::uuid,'Bachelor_griller',NULL,'un','object',now(),now()),
 ('63650d1f-d986-42db-90a5-e2336ca8ce58'::uuid,'Washing_machine',NULL,'un','object',now(),now()),
 ('86e090a6-0e31-4ad7-8572-44dce322ed7e'::uuid,'Refrigerator',NULL,'un','object',now(),now()),
 ('638444ea-3100-4b62-98a2-4534f39dd9d5'::uuid,'Stepladder',NULL,'un','object',now(),now()),
 ('428ff75f-bb46-456c-9877-07d472386dad'::uuid,'Treadmill',NULL,'un','object',now(),now()),
 ('ada43ae5-1981-48cf-91a6-e673f6762712'::uuid,'Bulb',NULL,'un','object',now(),now()),
 ('0f0288ec-d2f9-40af-8b08-ef2551c8294f'::uuid,'Wall_lantern',NULL,'un','object',now(),now()),
 ('5037ccbb-3c40-4c3a-ac70-7f34d0b777f5'::uuid,'Hanging_pendant',NULL,'un','object',now(),now()),
 ('ebb527db-32e4-4c12-973c-3eb2ba5b6ac2'::uuid,'Anglepoise_lamp',NULL,'un','object',now(),now()),
 ('6eb915bd-f55f-4669-928c-bcddd112d5c0'::uuid,'Candleholder',NULL,'un','object',now(),now()),
 ('dde953c6-9f17-4601-8e60-7e321df316ae'::uuid,'Telephone',NULL,'un','object',now(),now()),
 ('b3010436-71af-4ee0-926d-a1786e327e41'::uuid,'Remote',NULL,'un','object',now(),now()),
 ('69355ffa-b6bc-4200-9b7e-d01ca3bd32e1'::uuid,'Fan',NULL,'un','object',now(),now()),
 ('e56e78ad-b8c0-41cb-b18c-a4ff713e076d'::uuid,'Air_purifier',NULL,'un','eletronic',now(),now()),
 ('6f748538-f653-40e0-9131-867d6c5a9b7d'::uuid,'Air_conditioner',NULL,'un','eletronic',now(),now()),
 ('6ca3b9b4-12b1-4574-a3f2-4ec2b0e0ad86'::uuid,'Alarm_clock',NULL,'un','eletronic',now(),now()),
 ('2411896e-4a3a-4d12-bbeb-2ed61b903b03'::uuid,'Backup_charger',NULL,'un','eletronic',now(),now()),
 ('97bb55d7-0cea-4c57-9c10-d5684a4d221a'::uuid,'Bread_maker',NULL,'un','eletronic',now(),now()),
 ('aa56af70-9cc4-4f40-a3e9-3529940460ff'::uuid,'Banknote_counter',NULL,'un','eletronic',now(),now()),
 ('aaa04607-2638-4920-be83-f4e724616ac1'::uuid,'Blender',NULL,'un','eletronic',now(),now()),
 ('416e9ace-21ae-4a94-bb01-20a9ed5d3f41'::uuid,'Bluetooth_speaker',NULL,'un','eletronic',now(),now()),
 ('575275ef-a4cf-44f7-bcfa-149ab56cffab'::uuid,'Bulb',NULL,'un','eletronic',now(),now()),
 ('a201835c-a490-4dc8-b698-beb7f1ef93f4'::uuid,'Calculator',NULL,'un','eletronic',now(),now()),
 ('ed28c157-b2c2-4ad6-bcda-034b262e6ff8'::uuid,'Car_toy',NULL,'un','eletronic',now(),now()),
 ('d1d5be65-3451-4a06-bcd8-99d2835e853c'::uuid,'Ceiling_fan',NULL,'un','eletronic',now(),now()),
 ('9ed0a0de-e595-4551-b1ca-5f00a186f8dc'::uuid,'Chandelier',NULL,'un','eletronic',now(),now()),
 ('23adf4e8-625d-49b5-b062-0c70a59620fb'::uuid,'Clock',NULL,'un','eletronic',now(),now()),
 ('33d8c94e-5cfc-45e8-8cf4-1e611fef49cd'::uuid,'Clothes_dryer',NULL,'un','eletronic',now(),now()),
 ('650bf5a8-5ee6-4eb6-b593-e83a16909046'::uuid,'Coffee_maker',NULL,'un','eletronic',now(),now()),
 ('6620f340-3547-4ccb-b85f-b5022a5c23cf'::uuid,'Computer',NULL,'un','eletronic',now(),now()),
 ('c1b385de-055f-45dd-b716-5ec22116a70a'::uuid,'Copier',NULL,'un','eletronic',now(),now()),
 ('fbb83aae-57c3-4870-ab54-a7ce37134a78'::uuid,'Curling_iron',NULL,'un','eletronic',now(),now()),
 ('bde291d4-7ed4-45f2-ae0a-0e9ec3272f3f'::uuid,'Digital_camera',NULL,'un','eletronic',now(),now()),
 ('5554db1d-2ac9-4eb1-8488-c486bd4afbbb'::uuid,'Dishwasher',NULL,'un','eletronic',now(),now()),
 ('d4d21769-1af2-4119-aecc-ffa34d782d51'::uuid,'Doorbell_camera',NULL,'un','eletronic',now(),now()),
 ('26aa8361-1532-4c8b-b201-d4ab3a2394be'::uuid,'Drill',NULL,'un','eletronic',now(),now()),
 ('5e3f0f66-3f67-4ae0-9f61-74882689a6e4'::uuid,'Dvd_player',NULL,'un','eletronic',now(),now()),
 ('96c60d18-d68e-4e48-9235-e8533f34f326'::uuid,'Earphones',NULL,'un','eletronic',now(),now()),
 ('d7188431-650b-4a85-8f8d-e147d3537be2'::uuid,'Electric_frying_pan',NULL,'un','eletronic',now(),now()),
 ('63a1ad6c-2ba5-4a93-b5c4-17ab0e71c313'::uuid,'Electric_grill',NULL,'un','eletronic',now(),now()),
 ('94781596-3941-4bc0-96b5-ebe1359c1e14'::uuid,'Electric_guitar',NULL,'un','eletronic',now(),now()),
 ('0a34c12c-b7a0-4643-8a76-590f769d7591'::uuid,'Electric_pencil_sharpener',NULL,'un','eletronic',now(),now()),
 ('108b67ed-b4f6-4206-ba0b-7560a38a5f7c'::uuid,'Electric_razor',NULL,'un','eletronic',now(),now()),
 ('f4e6584e-74e0-4276-8da8-1a75d89d1c51'::uuid,'Electric_stove',NULL,'un','eletronic',now(),now()),
 ('71731f6a-e150-4c77-8be7-f02051e3fe11'::uuid,'Exhaust_fan',NULL,'un','eletronic',now(),now()),
 ('205a255e-6048-465a-bab5-dec9479572ef'::uuid,'External_hard_drive',NULL,'un','eletronic',now(),now()),
 ('6f2c1eec-0972-4371-9e84-34d7f3720836'::uuid,'Fan',NULL,'un','eletronic',now(),now()),
 ('3ac89297-aeeb-457b-a3b1-b56e03b4710e'::uuid,'Facial_cleansing_machine',NULL,'un','eletronic',now(),now()),
 ('83a8ab9b-5d8e-4d6e-8ab2-223133440a8f'::uuid,'Fax',NULL,'un','eletronic',now(),now()),
 ('363a806e-a8e6-4052-8c1b-635566cfeba5'::uuid,'Fish_tank',NULL,'un','eletronic',now(),now()),
 ('ada52974-9a58-4857-8997-c84d257ed7fe'::uuid,'Floor_lamp',NULL,'un','eletronic',now(),now()),
 ('36cedc3e-d4c9-4897-908b-f28f9d401852'::uuid,'Game_controller',NULL,'un','eletronic',now(),now()),
 ('67c452ab-4b2e-43be-80ec-0755e12ac8c7'::uuid,'Garage',NULL,'un','eletronic',now(),now()),
 ('fc4f3158-a2c6-4d8d-9ea4-4b596714e61b'::uuid,'Grandfather_clock',NULL,'un','eletronic',now(),now()),
 ('c4175ddd-07ef-456c-81b8-6552e4ceff8d'::uuid,'Hair_dryer',NULL,'un','eletronic',now(),now()),
 ('7edad3ff-d2a3-4596-84a4-17adf0745658'::uuid,'Headset',NULL,'un','eletronic',now(),now()),
 ('7acb094f-6d22-4a1a-b888-d61ff30f6fbc'::uuid,'Inkjet_printer',NULL,'un','eletronic',now(),now()),
 ('2f82af8e-ada8-4c79-ac43-9d721837b82b'::uuid,'iPod',NULL,'un','eletronic',now(),now()),
 ('fd04b74c-df47-47ae-8f3d-4b36467074d2'::uuid,'Iron',NULL,'un','eletronic',now(),now()),
 ('c374a190-fa61-4708-b7e9-462e3fedcaff'::uuid,'Juicer',NULL,'un','eletronic',now(),now()),
 ('9cb81e78-add2-4b87-a353-b36b18aabbd3'::uuid,'Kettle',NULL,'un','eletronic',now(),now()),
 ('65fd260b-966a-47d9-85dc-9f164390995a'::uuid,'Kitchen_scale',NULL,'un','eletronic',now(),now()),
 ('9df3e0a2-8371-4062-a7ce-299df53f8163'::uuid,'Hair_straightening_machine',NULL,'un','eletronic',now(),now()),
 ('add86218-d645-4da5-beff-1186e0ace28c'::uuid,'Laser_printer',NULL,'un','eletronic',now(),now()),
 ('1ee10ddd-39f6-46dc-aedb-0539dd8d089f'::uuid,'Lawn_mower',NULL,'un','eletronic',now(),now()),
 ('aa23ea7f-2f2c-4171-888f-9c1190192e02'::uuid,'Lift',NULL,'un','eletronic',now(),now()),
 ('225f07e7-f4fb-4943-b68f-763f39819d63'::uuid,'Meat_grinder',NULL,'un','eletronic',now(),now()),
 ('36aa01b3-6083-4a24-9dc2-b8b8528116f1'::uuid,'Microphone',NULL,'un','eletronic',now(),now()),
 ('cb98e5ad-83f0-4d86-b82d-044ea10f6888'::uuid,'Microwave',NULL,'un','eletronic',now(),now()),
 ('2556dabb-e3c0-4886-bb81-6e2b0911f319'::uuid,'Mixer',NULL,'un','eletronic',now(),now()),
 ('d1dfb8f2-2f62-4997-a7f2-c360f0b88acf'::uuid,'Monitor',NULL,'un','eletronic',now(),now()),
 ('c47d67dc-904d-463c-966d-2db09dc0a4c9'::uuid,'Mosquito_racket',NULL,'un','eletronic',now(),now()),
 ('3dd30be0-c394-41c1-900f-13fa47b0181d'::uuid,'Mouse',NULL,'un','eletronic',now(),now()),
 ('70ee995c-067f-4631-be1f-100e15114c72'::uuid,'Mp3_player',NULL,'un','eletronic',now(),now()),
 ('326d001c-63fd-41f6-9607-7456ff2a7b8d'::uuid,'Oil-free_fryer',NULL,'un','eletronic',now(),now()),
 ('401c9873-2667-4f2d-8518-c4bc9de5a082'::uuid,'Piano',NULL,'un','eletronic',now(),now()),
 ('d116024c-ee42-4bc1-8fcd-f324d3264ba1'::uuid,'Oven',NULL,'un','eletronic',now(),now()),
 ('a5de381d-56bd-490e-a62f-b072901d340b'::uuid,'Plotter',NULL,'un','eletronic',now(),now()),
 ('89d640a1-ac1b-4ba3-8b38-76ee1b576d1f'::uuid,'Pressure_cooker',NULL,'un','eletronic',now(),now()),
 ('e8dc9419-4d11-4e24-9975-001d9b162c8b'::uuid,'Printer',NULL,'un','eletronic',now(),now()),
 ('735ebc38-8d17-4686-ad3b-8e245811a869'::uuid,'Projector',NULL,'un','eletronic',now(),now()),
 ('2578c4a7-9a04-4511-8e4c-a124143ecd0c'::uuid,'Radiator',NULL,'un','eletronic',now(),now()),
 ('fb1d82f2-d3af-4452-9dc5-5402561214f0'::uuid,'Radio',NULL,'un','eletronic',now(),now()),
 ('88ef6c5f-d85b-4adb-a4ce-8ae2cbd1e16c'::uuid,'Reading_lamp',NULL,'un','eletronic',now(),now()),
 ('a11c70c5-65a0-4cd4-9bff-dea67c9236b1'::uuid,'Refrigerator',NULL,'un','eletronic',now(),now()),
 ('b8dd0a06-9bc9-474e-8fc8-c18476c069db'::uuid,'Remote_control',NULL,'un','eletronic',now(),now()),
 ('e5c776d7-cfa3-4173-9e3d-aebd4a8bbeac'::uuid,'Rice_cooker',NULL,'un','eletronic',now(),now()),
 ('0314a1ff-021b-4b94-bd01-fe97d16397e4'::uuid,'Safe',NULL,'un','eletronic',now(),now()),
 ('e76af996-0621-4a77-8321-05837c1dad9d'::uuid,'Robotic_vacuum_cleaner',NULL,'un','eletronic',now(),now()),
 ('b0c2d810-d338-4184-8bda-9143841786c8'::uuid,'Sandwich_maker',NULL,'un','eletronic',now(),now()),
 ('5fa97683-c2aa-4ed6-971b-954d82e2b412'::uuid,'Scale',NULL,'un','eletronic',now(),now()),
 ('e20e43da-7a2d-4b70-8928-351b2921f8cb'::uuid,'Scanner',NULL,'un','eletronic',now(),now()),
 ('746d478a-4855-4bec-8151-89bef2ebe784'::uuid,'Sewing_machine',NULL,'un','eletronic',now(),now()),
 ('476ada81-0097-4837-a677-a51b3afb818b'::uuid,'Smart_television',NULL,'un','eletronic',now(),now()),
 ('6f6d7df2-3223-46e1-abfc-d9ef1ca0c5d7'::uuid,'Smartphone',NULL,'un','eletronic',now(),now()),
 ('fc7d572a-bff1-4ed5-b18b-3aec6945bbbd'::uuid,'Speakers',NULL,'un','eletronic',now(),now()),
 ('54d16d49-894b-4519-a053-8d731810257d'::uuid,'Tablet',NULL,'un','eletronic',now(),now()),
 ('e63ab2c8-607d-4bf0-8e4e-de38630b491b'::uuid,'Television',NULL,'un','eletronic',now(),now()),
 ('24ecc2e2-d913-4bd6-8179-2fe7ce520dec'::uuid,'Timer',NULL,'un','eletronic',now(),now()),
 ('3e78206e-65d3-4ab3-8beb-2a9430901ac0'::uuid,'Toaster',NULL,'un','eletronic',now(),now()),
 ('5f050f77-d4ff-4bc5-a32f-4dc4c4541e56'::uuid,'Torch',NULL,'un','eletronic',now(),now()),
 ('94523ed3-8a40-47ba-bac8-f147d5323387'::uuid,'USB_drive',NULL,'un','eletronic',now(),now()),
 ('0a956113-a679-4b42-8fcd-a018ad5d47b4'::uuid,'Vacuum_cleaner',NULL,'un','eletronic',now(),now()),
 ('b6c73938-21e3-404f-a2ee-29959b22fe74'::uuid,'Walkie-talkie',NULL,'un','eletronic',now(),now()),
 ('8aa70d48-4fad-484b-84cf-4e7f409c0d14'::uuid,'Washing_machine',NULL,'un','eletronic',now(),now()),
 ('ef216ac4-37f9-40c0-8dbf-65c2a533edc2'::uuid,'Watch',NULL,'un','eletronic',now(),now()),
 ('bd2b685f-b051-4cf1-ae74-0df3c964f532'::uuid,'Water_pumps',NULL,'un','eletronic',now(),now()),
 ('91d317c0-b2b2-46fe-a4f2-b3ae334231bd'::uuid,'Water_purifier',NULL,'un','eletronic',now(),now()),
 ('5992bac3-ca8d-4a4b-826b-9c2060446ec4'::uuid,'Wall_fan',NULL,'un','eletronic',now(),now()),
 ('dabfba6c-d9aa-419a-9aea-b81202b5a38e'::uuid,'Water_heater',NULL,'un','eletronic',now(),now()),
 ('61c86272-e1fb-46b8-982a-161e11ed4e0f'::uuid,'Webcam',NULL,'un','eletronic',now(),now()),
 ('b61764e1-f4f0-4d5b-a78b-0e1b02c1eba4'::uuid,'Wifi_modem',NULL,'un','eletronic',now(),now()),
 ('73843a5b-a776-40f2-a2d1-f8e53929533d'::uuid,'beie',NULL,'un','clothing',now(),now()),
 ('305d2e99-ff9f-44f3-bbf6-98dec4754c23'::uuid,'belt',NULL,'un','clothing',now(),now()),
 ('7b221ae3-d617-4329-9842-ea1fa78b85e3'::uuid,'beret',NULL,'un','clothing',now(),now()),
 ('5e2c70f7-a17c-4e72-9c24-3fa45195cc23'::uuid,'bikini',NULL,'un','clothing',now(),now()),
 ('59361cbb-dca1-41ed-89f6-2ebfc505885d'::uuid,'blazer',NULL,'un','clothing',now(),now()),
 ('c9033424-b3b4-41c6-92b5-97c8dd40694c'::uuid,'blouse',NULL,'un','clothing',now(),now()),
 ('36dbffe7-e438-42a0-9565-670b9ff595c3'::uuid,'bra',NULL,'un','clothing',now(),now()),
 ('41b5bcd1-ff33-4758-9fc5-d1cb44da6640'::uuid,'brooch',NULL,'un','clothing',now(),now()),
 ('44a7cefe-89ec-4e0e-98f9-c8088a3be269'::uuid,'button',NULL,'un','clothing',now(),now()),
 ('e3cb9d25-6bbe-4331-a238-f6ccbfac90ac'::uuid,'cap',NULL,'un','clothing',now(),now()),
 ('3ccfa718-2a85-485b-9d42-4e5c6f4cb6e1'::uuid,'cardig',NULL,'un','clothing',now(),now()),
 ('e36f0514-177a-4137-87e6-aa46fdbefc4f'::uuid,'vest',NULL,'un','clothing',now(),now()),
 ('7865647b-58dd-41b5-9e64-4d381bcbc090'::uuid,'chain',NULL,'un','clothing',now(),now()),
 ('894b5ab1-0b8b-4cc4-9a90-79f5f399a9af'::uuid,'coat',NULL,'un','clothing',now(),now()),
 ('97619be7-bf14-4145-842c-c324b4c640a3'::uuid,'coat',NULL,'un','clothing',now(),now()),
 ('28a3b6c6-1b7b-4c40-b8b7-edf289654410'::uuid,'diamond',NULL,'un','clothing',now(),now()),
 ('d6057e13-4953-482b-8a7c-b21dc84b342a'::uuid,'dinner',NULL,'un','clothing',now(),now()),
 ('8497a88d-0b66-44e9-83c8-2cd28fc34843'::uuid,'jacket',NULL,'un','clothing',now(),now()),
 ('14b71d53-a78e-4a8b-bd67-88aebe235a28'::uuid,'dress',NULL,'un','clothing',now(),now()),
 ('3abecf22-6f1a-4b10-9dfb-17b8b883a1ba'::uuid,'fashion',NULL,'un','clothing',now(),now()),
 ('24e1ffb1-5659-4630-a776-d51c7e189d66'::uuid,'designer',NULL,'un','clothing',now(),now()),
 ('b1bdc0d5-4319-46eb-907c-d3aceae5bc78'::uuid,'fashion',NULL,'un','clothing',now(),now()),
 ('9d872c83-0ef9-4543-855a-0054f7f81bad'::uuid,'houseshow',NULL,'un','clothing',now(),now()),
 ('f1fbfdc9-9ea1-4a41-b727-dafa2d445670'::uuid,'frock',NULL,'un','clothing',now(),now()),
 ('4567fefa-5eb1-45f9-b20b-4c75ab2a25e6'::uuid,'dres',NULL,'un','clothing',now(),now()),
 ('6ddcaf49-cb67-499f-ab81-808fbbd9888b'::uuid,'skirt',NULL,'un','clothing',now(),now()),
 ('0fbf73d3-3dbd-4e9a-b850-4ce84b1cac0f'::uuid,'hdkerchief',NULL,'un','clothing',now(),now()),
 ('e0f0362b-f158-4f2d-89f7-86d057f04433'::uuid,'hat',NULL,'un','clothing',now(),now()),
 ('67c3c301-cdb8-4bab-b7bf-b3174b119e2b'::uuid,'hem',NULL,'un','clothing',now(),now()),
 ('823ff2f5-01a2-416e-ab57-6851b23c1143'::uuid,'hook',NULL,'un','clothing',now(),now()),
 ('d4a972d0-c2e0-4979-8ff0-4f35e5af5af8'::uuid,'hue',NULL,'un','clothing',now(),now()),
 ('292cef55-bdd9-479b-911c-80d1f4b5b4f6'::uuid,'jacket',NULL,'un','clothing',now(),now()),
 ('f5226aad-dbda-49a1-a25c-d1b090dfbf32'::uuid,'jersey',NULL,'un','clothing',now(),now()),
 ('7076cb6e-74e3-45f3-94c4-4222ae6ab030'::uuid,'jeweller',NULL,'un','clothing',now(),now()),
 ('5356be70-99eb-49e2-8deb-bb803561b07e'::uuid,'jogging',NULL,'un','clothing',now(),now()),
 ('e450eff3-5ca4-4710-88a1-0133d85ef415'::uuid,'suit',NULL,'un','clothing',now(),now()),
 ('0521482a-f7d5-4505-9f32-2be0cf3b6b31'::uuid,'model',NULL,'un','clothing',now(),now()),
 ('ebca8f2b-72d9-4851-b6dc-aa0589721d41'::uuid,'necklace',NULL,'un','clothing',now(),now()),
 ('d615e555-9fa5-4e32-b7a3-04c8fd0e39cd'::uuid,'needle',NULL,'un','clothing',now(),now()),
 ('7703a10a-3b46-4fbb-b71b-37deb537af59'::uuid,'nightdress',NULL,'un','clothing',now(),now()),
 ('7fd976c0-a8fd-4643-a36c-cba1ed4444e1'::uuid,'patch',NULL,'un','clothing',now(),now()),
 ('57d3595e-bd32-4f47-a8bf-aee94e8c6fd5'::uuid,'pattern',NULL,'un','clothing',now(),now()),
 ('0d587b9f-b743-46c9-b6cc-d56d63a54a3d'::uuid,'pin',NULL,'un','clothing',now(),now()),
 ('98127fb6-ebba-429a-b5f4-9db6ff873a3f'::uuid,'pullover',NULL,'un','clothing',now(),now()),
 ('925fd249-39b2-4b3b-a5b3-f8608e1094af'::uuid,'sweater',NULL,'un','clothing',now(),now()),
 ('2ffa33a5-60a7-40eb-853f-f32b23e5f2b6'::uuid,'jumper',NULL,'un','clothing',now(),now()),
 ('e0dc1a58-1cac-4a5b-ab08-e88f67c6a06b'::uuid,'raincoat',NULL,'un','clothing',now(),now()),
 ('4972aeb3-a4a3-43b3-a6a6-0a68573df49f'::uuid,'real',NULL,'un','clothing',now(),now()),
 ('601560b3-1485-4482-bd83-8fe96af009d2'::uuid,'pearl',NULL,'un','clothing',now(),now()),
 ('b8f3e4dd-1d05-4b0d-8308-849965d7138b'::uuid,'ruby',NULL,'un','clothing',now(),now()),
 ('cdfd4da5-c6e7-4aca-81dd-850293bf77e2'::uuid,'sapphire',NULL,'un','clothing',now(),now()),
 ('eb73efe2-f021-43eb-b525-f05eff6cd0e3'::uuid,'scarf',NULL,'un','clothing',now(),now()),
 ('f72102fb-b0d0-4c7c-a2f7-4657ac20f0eb'::uuid,'seam',NULL,'un','clothing',now(),now()),
 ('de3b8cac-923a-45bf-b4c7-13853e8fbd47'::uuid,'sewing',NULL,'un','clothing',now(),now()),
 ('93422fa5-94a8-4efc-a923-6646aabfe9c7'::uuid,'machine',NULL,'un','clothing',now(),now()),
 ('fcf7f64b-e1cb-4ac2-b909-3d4ac9b36be7'::uuid,'shade',NULL,'un','clothing',now(),now()),
 ('0873b32d-f10e-4302-9e0a-e26a6be26517'::uuid,'shawl',NULL,'un','clothing',now(),now()),
 ('1f878c7a-c542-4031-83bf-c12fc4c292d3'::uuid,'shirt',NULL,'un','clothing',now(),now()),
 ('3d7a6d67-5637-4c74-938d-b6cbd1319ad7'::uuid,'ski',NULL,'un','clothing',now(),now()),
 ('4e09819d-f7b0-4985-8c07-f9271370181e'::uuid,'jacket',NULL,'un','clothing',now(),now()),
 ('61e3ee79-2ce4-4fbe-86ad-62bd6d723d3d'::uuid,'skirt',NULL,'un','clothing',now(),now()),
 ('98831bae-86c2-4907-ad29-f5d348d2f053'::uuid,'sleeve',NULL,'un','clothing',now(),now()),
 ('012c07f0-b20c-4d6b-8428-185714ab8602'::uuid,'slip',NULL,'un','clothing',now(),now()),
 ('e05c8afa-bd62-48f4-8f3c-e366b1895e45'::uuid,'stitch',NULL,'un','clothing',now(),now()),
 ('454b0d06-0a47-4688-a455-7405dc9c19dd'::uuid,'suit',NULL,'un','clothing',now(),now()),
 ('f8710d7e-3db2-40fe-9c66-50ac27a2654a'::uuid,'suspended',NULL,'un','clothing',now(),now()),
 ('6dbb31df-ef7e-45dc-b9fb-ee4f6abee054'::uuid,'belt',NULL,'un','clothing',now(),now()),
 ('2863127e-140d-4334-9173-ee6f698d8550'::uuid,'sweater',NULL,'un','clothing',now(),now()),
 ('2f824807-b65d-47ac-98bc-e52d3ee905fc'::uuid,'jumper',NULL,'un','clothing',now(),now()),
 ('bde2c57e-b28f-4283-99e5-87472ace5ea9'::uuid,'pullover',NULL,'un','clothing',now(),now()),
 ('e972ce12-7d11-4e76-8a1f-051066d37064'::uuid,'sweatshirt',NULL,'un','clothing',now(),now()),
 ('b4f1b47f-cbb3-40b6-9a9f-bc2229c99ab5'::uuid,'t_shirt',NULL,'un','clothing',now(),now()),
 ('d4f56e3b-1c50-4bea-b41c-f660d7924180'::uuid,'tailor',NULL,'un','clothing',now(),now()),
 ('62183cf1-0948-4d45-9b6b-5ee01b851ef9'::uuid,'thimble',NULL,'un','clothing',now(),now()),
 ('bbc3dbe9-5774-4356-9e29-c519d9f98dbc'::uuid,'tie',NULL,'un','clothing',now(),now()),
 ('754d6896-5689-43d6-9b83-e04198111f72'::uuid,'top',NULL,'un','clothing',now(),now()),
 ('6a1dfa74-2659-4924-8fbe-dbe1f5b91497'::uuid,'tuxedo',NULL,'un','clothing',now(),now()),
 ('18d60766-7d68-40f9-9c56-4c2b8a5d928a'::uuid,'diner',NULL,'un','clothing',now(),now()),
 ('0894c34d-48df-4593-b535-8bd6d96968da'::uuid,'jacket',NULL,'un','clothing',now(),now()),
 ('1c49e73f-74e4-497d-b206-8a004a660000'::uuid,'smoking',NULL,'un','clothing',now(),now()),
 ('41e53ddb-2466-41f6-940e-af05b78296e6'::uuid,'uniform',NULL,'un','clothing',now(),now()),
 ('34af46d9-498d-4719-956a-23563d817908'::uuid,'watch',NULL,'un','clothing',now(),now()),
 ('1570379f-09b9-4989-a121-fb91c8890766'::uuid,'wedding',NULL,'un','clothing',now(),now()),
 ('1511268a-c837-4bb3-93f5-206b262f4359'::uuid,'ring',NULL,'un','clothing',now(),now()),
 ('fafd5989-80a0-4f62-89ff-d21ba67c29cf'::uuid,'fastener',NULL,'un','clothing',now(),now()),
 ('e185d688-d02c-49fe-bfe0-c2976c17d125'::uuid,'amethyst',NULL,'un','clothing',now(),now()),
 ('346131fc-8732-4949-b73a-5f69fd5d1660'::uuid,'apron',NULL,'un','clothing',now(),now()),
 ('fc24586e-e8ae-4bce-bf67-3e0664744413'::uuid,'emerald',NULL,'un','clothing',now(),now()),
 ('dbde3c72-6616-4037-b49a-3d0a00ea2511'::uuid,'engagement',NULL,'un','clothing',now(),now()),
 ('41e1b9c0-a6b2-4081-b602-0279e07637f5'::uuid,'ring',NULL,'un','clothing',now(),now()),
 ('8088c88c-aa02-410b-a339-7313a9896ef4'::uuid,'outfit',NULL,'un','clothing',now(),now()),
 ('403436db-692c-48fa-8caf-dd82673f80f9'::uuid,'dress',NULL,'un','clothing',now(),now()),
 ('df8fa042-d3b6-4c7d-abc8-3fb50adeab2e'::uuid,'blouse',NULL,'un','clothing',now(),now()),
 ('3af03855-36fa-48f3-a9d5-be73735b4c81'::uuid,'boots',NULL,'un','clothing',now(),now()),
 ('31fd99a2-b34d-4b04-87b2-db83765310dd'::uuid,'bow',NULL,'un','clothing',now(),now()),
 ('f4635fdd-c29a-4907-b001-b4ed0767e073'::uuid,'tie',NULL,'un','clothing',now(),now()),
 ('6aab0103-dc57-4cb5-8639-f6d79e137be0'::uuid,'bowler',NULL,'un','clothing',now(),now()),
 ('d2bc4843-1ad1-4657-b9b3-475cf73c4cf1'::uuid,'hat',NULL,'un','clothing',now(),now()),
 ('3caac99c-74dd-4c75-80a1-590474800286'::uuid,'boxer',NULL,'un','clothing',now(),now()),
 ('ee6a1289-2248-41c8-b3e1-82d456104cb6'::uuid,'shorts',NULL,'un','clothing',now(),now());

 -- Criando novamente a função
CREATE OR REPLACE FUNCTION public.control_duplicate_product_with_same_name_trigger() RETURNS TRIGGER AS $control_duplicate_product_with_same_name_trigger$ BEGIN IF EXISTS(
        SELECT name
        FROM public.products
        WHERE search(name) = search(NEW.name) -- compara o nome de produtos na tabela com o produto a ser inserido com a função search
    ) THEN RAISE EXCEPTION 'product already registered.';
ELSE RETURN NEW;
END IF;
END;
$control_duplicate_product_with_same_name_trigger$ LANGUAGE plpgsql;
CREATE TRIGGER tg_control_duplicate_product_with_same_name BEFORE
INSERT ON public.products FOR EACH ROW EXECUTE PROCEDURE public.control_duplicate_product_with_same_name_trigger();
--
------------------------ END PRODUCTS ------------------------
--
--
------------------------ DELIVERY POINTS ------------------------
--

INSERT INTO public.delivery_points
(id, city, state, suburb, street, "number", cep, created_at, updated_at)
VALUES
('6d05fca3-fb7c-45ef-b45d-75d8784a8791', 'South Baylee', 'South Carolina', '5579 Kilback Field', 'Cartwright Tunnel', 81375, '07043', now(), now()),
('f924eca8-50ee-48cf-a917-e9c507326f05', 'South Noemie', 'New Hampshire', '70892 Conn Garden', 'Streich Roads', 10619, '30203', now(), now()),
('7d202c62-ed3b-4e95-8188-992b3ba2fd6b', 'West Abelardo', 'Montana', '86846 White Station', 'Johnny Station', 62736, '49684', now(), now()),
('e0bc21f5-3ab3-4b40-966b-6ae4dfe70f9b', 'South Marcellaton', 'Louisiana', '25651 Fritsch Dale', 'Koss Divide', 48299, '63452-9489', now(), now()),
('aad45b0c-023c-4551-ba82-67642505fcae', 'Cronahaven', 'Hawaii', '87504 Freeman Underpass', 'Nora Isle', 55696, '89322', now(), now()),
('036076c7-c27e-43a3-8ea1-b8c2627577e9', 'South Carolanne', 'New Hampshire', '05082 Colton Falls', 'Zaria Forge', 54087, '06377-0238', now(), now()),
('38eb355f-50ca-4d3e-ab91-34bbb0d14cd6', 'Kelliburgh', 'Vermont', '8105 Olson Groves', 'Mason Valley', 801, '87171-7235', now(), now()),
('8b27a720-f976-4172-b443-9dee78212cb6', 'New Verlieview', 'New Mexico', '8268 Balistreri Ports', 'Magali Walks', 99850, '30480', now(), now()),
('af3248e3-0b9a-4af5-85c0-df0ce60d8b50', 'North Everett', 'Virginia', '735 Jerde Overpass', 'O Reilly Glen', 87511, '99301', now(), now()),
('4ec0d2d8-114a-4f22-82f4-7a308b18a32c', 'South Jaydahaven', 'New York', '823 Jamarcus Orchard', 'Keely Mews', 62197, '26288-8045', now(), now()),
('db176480-5b39-40af-980f-d03e5337dc20', 'Connport', 'New York', '86739 Jett Mountain', 'Kerluke Roads', 4090, '01823-0965', now(), now()),
('792b0969-a91c-467c-9ab6-f8557bb8f91b', 'South Maeve', 'Illinois', '5399 Teresa Crescent', 'Durward Villages', 33551, '37247', now(), now()),
('72eb03a4-973c-4cf2-af52-f9d0657800f7', 'Adrianberg', 'California', '895 Waters Fork', 'Aufderhar Plaza', 11970, '74918-8680', now(), now()),
('73779a44-4db0-4ef1-8c50-9dc7ca663330', 'Volkmanmouth', 'Nevada', '63822 Cade Causeway', 'Enrico Lane', 86237, '48635', now(), now()),
('1809041d-fbc3-43c6-9ec7-0818f1a95e4d', 'New Cecilia', 'Connecticut', '257 Romaguera Prairie', 'Linnie Vista', 31786, '00807', now(), now()),
('fa813f96-df79-438a-b9df-05920ce8bd66', 'Daishamouth', 'Oklahoma', '277 Marvin Key', 'Sipes Manor', 16095, '63047', now(), now()),
('de443d76-7258-408d-a0d7-451e7247d01e', 'Auerview', 'Georgia', '485 Dax Estates', 'Streich Trail', 57397, '55578-0776', now(), now()),
('469a6093-5a68-42fb-9f36-2a7151efe6f4', 'Hyattport', 'Alabama', '57151 Fausto Grove', 'Ubaldo Well', 70728, '73042-8816', now(), now()),
('bd3309a8-e114-4d43-a8c2-663779c237f6', 'Stoltenbergchester', 'Michigan', '96120 Feeney Keys', 'Helena Greens', 98181, '69998-4783', now(), now()),
('ec63adcf-87cb-4b3d-9e2b-d2da91b38114', 'East Monique', 'Oregon', '8566 McKenzie Ferry', 'Torp Trail', 39373, '41309-1554', now(), now()),
('429c0bef-f088-4495-9da8-5c02fa3d9c84', 'Janickton', 'Oklahoma', '12063 Ulices Mission', 'Jude Radial', 94821, '56614', now(), now()),
('6fe1f419-faaf-4ef5-a228-ce03456678db', 'Lake King', 'Mississippi', '6124 Baumbach Plains', 'Pattie Light', 92212, '89752-0964', now(), now()),
('0a812912-2a68-4a0b-b3df-7d5daad028e0', 'Violaburgh', 'South Dakota', '4909 Delfina Creek', 'Mraz Passage', 48917, '87412-2293', now(), now()),
('40e003be-eb47-4126-b709-97afcfda241b', 'Riceton', 'West Virginia', '03111 Kathlyn Place', 'Anna Ridge', 81599, '10695-2015', now(), now()),
('58a7dc99-6bac-428d-b799-73c8a6212158', 'Millsshire', 'Alabama', '4051 Zoey Points', 'Dameon Junctions', 18915, '84707-9946', now(), now()),
('acb5a462-78fc-4d9c-95c2-690d65c4f1f8', 'Kertzmannside', 'Texas', '84750 Kitty Viaduct', 'Swift Green', 45392, '08505-3931', now(), now())
RETURNING *;
--
------------------------ END DELIVERY POINTS ------------------------
--
--
------------------------ STOCK ------------------------
--
INSERT INTO public.stock (id,product_id,price,batch,quantity,created_at,updated_at) VALUES
('cc0dc689-d470-453a-a9eb-f940390b120c'::uuid,'3f36fde0-bfed-470e-b31d-2878a5d0296d'::uuid,21442.578065963782,'4',8553.0,now(),now()),
('017c82a0-71f3-4149-8c23-4140bda906f2'::uuid,'fde7a903-f57a-4526-b08c-6d5d1d25f1df'::uuid,35696.160261432175,'8',80964.0,now(),now()),
('248ac0bd-81c5-4b5f-9d62-fea7b7fb9176'::uuid,'5a572d4b-09ab-4a15-a7a6-da4f62130464'::uuid,83762.592663567,'1',75900.0,now(),now()),
('43235423-cf30-4d46-bb9f-08b32c21adde'::uuid,'6cdafe82-b08b-44ed-84bb-7663ec36162d'::uuid,16856.792011614758,'4',23780.0,now(),now()),
('0df2bd42-9cb6-45a8-b30d-3048ffc0ba55'::uuid,'cdd67d06-c204-431f-a0e0-0718bfcf48d3'::uuid,92236.34956156518,'4',34601.0,now(),now()),
('c170fbfa-6374-428f-bc7b-418bfb14d020'::uuid,'cb347c50-5456-4144-bb35-60d58c4bfc65'::uuid,77466.88030407655,'9',81062.0,now(),now()),
('9dfabcf9-ea45-4aa4-9242-81a485216144'::uuid,'b6295009-093a-422b-a2a9-f20481c579c8'::uuid,75421.09879025994,'9',47478.0,now(),now()),
('ae2ed84a-8827-45e6-995b-215ea5382aa7'::uuid,'6011c7a7-7807-4dda-bb43-55489e723c54'::uuid,82793.14730022429,'9',75561.0,now(),now()),
('a5311505-c9ad-4a42-bd3e-27dd2ffe6480'::uuid,'bbe20c30-6633-4b62-ae48-314ae8b8ce82'::uuid,67423.73665044038,'3',5253.0,now(),now()),
('6e53a07d-4784-447f-b1e0-a1b975ee791d'::uuid,'1086084c-441a-41b4-8250-85980a933d33'::uuid,59934.774819405786,'9',54979.0,now(),now()),
('9f29c08d-d7eb-4bc2-9ebf-421e9f0ebbc1'::uuid,'d563f54c-378f-42a2-b2e7-eb95ce984c6f'::uuid,38288.07643303042,'6',86760.0,now(),now()),
('df910858-9bd2-4e2b-9a30-f81370fa27d1'::uuid,'a1493950-532f-45c7-9980-424189c2b2b0'::uuid,86002.75214786692,'6',22628.0,now(),now()),
('d23d2685-e1b7-461f-9fb3-7420604cd818'::uuid,'d5374735-9184-454a-b9c0-961d522e8c4b'::uuid,80548.81875802953,'0',98652.0,now(),now()),
('f2be6a61-151e-43f2-b786-e07c43627f0f'::uuid,'947c8539-0685-45ca-9ad1-fd693b7789fd'::uuid,19253.858586630915,'1',79671.0,now(),now()),
('99d9a084-9fad-4b33-ad9a-dc04f69784ef'::uuid,'8f2cf78b-bfba-4756-b0db-1217569e25de'::uuid,22453.163061066753,'1',93762.0,now(),now()),
('9114f930-c695-4fee-9d71-756b6ee82b30'::uuid,'cb266bc1-1633-4b18-948d-6567f2dc4f6c'::uuid,75083.255469745,'6',51598.0,now(),now()),
('970d11a2-d305-4906-a0cf-29340f3287ef'::uuid,'e8c0de05-2019-4951-82af-96081812e037'::uuid,53284.09941213878,'9',77550.0,now(),now()),
('68ba81e2-7202-43a6-b88b-499be2efb185'::uuid,'51ff1022-38f9-4344-80c5-4a01b3a23c56'::uuid,53367.32254058974,'6',20922.0,now(),now()),
('2d967c23-5a88-4673-a8c7-fe038059d994'::uuid,'38982308-a1b0-43d4-8950-8422994d376c'::uuid,8199.642507352039,'2',25438.0,now(),now()),
('26a8f305-36d0-414d-8f8e-72482dd2a3af'::uuid,'f420d5a5-0c7e-4910-8b83-d5196f93a837'::uuid,78471.15873019656,'8',90503.0,now(),now()),
('c3465d98-348a-411c-8886-3dc4c484e2f7'::uuid,'42bfca50-ef11-4e6d-b3ee-0a33b106911e'::uuid,27725.61733073931,'4',50353.0,now(),now()),
('4c35a33f-a498-4234-84db-f4b98cbcc5b5'::uuid,'91b7663c-1909-4ef6-b286-155291eca41c'::uuid,18418.077537768542,'7',57483.0,now(),now()),
('ee75afe2-698f-4af9-8f96-79fa61896af8'::uuid,'d00685f8-275d-42a8-8582-7762853d2c8e'::uuid,63661.07863947109,'7',79405.0,now(),now()),
('dc47d5fb-1c33-455a-92e9-cec6809e92fd'::uuid,'f3b3a92b-9401-49b2-a0bf-ade7ac8a59e2'::uuid,88706.46236984989,'8',86523.0,now(),now()),
('63044759-9693-4d2d-8daa-e9904d901f87'::uuid,'b62f58b7-6cb3-4ce1-8a3a-6ae14cfbe229'::uuid,60525.04408203205,'7',21393.0,now(),now()),
('1a234a2a-c62f-4aca-a9d5-a5f9d954e806'::uuid,'3a4bb918-1480-4fa6-b133-feece8bb6116'::uuid,25846.50735083949,'7',32803.0,now(),now()),
('45f4d0f3-834a-428a-af4a-913a999897ab'::uuid,'cc8e9ca9-b95b-469d-a8f6-a27be1171d67'::uuid,50098.943415182905,'9',32720.0,now(),now()),
('69fd7de0-ca0c-4c7c-a480-2d768b6dca82'::uuid,'b0d2b67c-c60b-4eed-aec5-fc8db3ea3e26'::uuid,28090.654273793647,'9',80253.0,now(),now()),
('6adb60b2-0afd-4379-baa7-7dda336b220b'::uuid,'dd196001-f370-44d3-b1d9-661b6f06d5cb'::uuid,75803.03394177799,'2',18287.0,now(),now()),
('ed75a9a8-42ec-42a4-8a16-9db0f4ada256'::uuid,'d464afc0-8398-458b-8925-c4376adbe777'::uuid,38485.946516713564,'1',28489.0,now(),now()),
('8370f93a-feb6-46fd-b28a-ff78d427a521'::uuid,'6f28cad5-6282-44c2-bcc7-123d7f74f690'::uuid,23336.00494775882,'6',36065.0,now(),now()),
('b20ff405-1b93-4748-831e-ea3e8626561d'::uuid,'ebdfcd7f-c8fb-422f-8b9c-3c4a992f84e5'::uuid,39188.05590576267,'1',83150.0,now(),now()),
('d891643d-5378-40b0-a407-530169390d70'::uuid,'f3c79164-7fcd-4553-8d26-e953ef5b1835'::uuid,94209.0915728941,'2',9312.0,now(),now()),
('6f1342bb-712d-4191-b980-7c91f938575f'::uuid,'70a6a7f2-bfdb-46f7-b398-af7bc71b7e91'::uuid,53225.3986631092,'5',78653.0,now(),now()),
('1960f8ac-e6d0-4264-9cea-78031dd75653'::uuid,'191c60e4-3c0e-45e1-b021-9bd773441c56'::uuid,30883.24120608626,'7',88765.0,now(),now()),
('1aeb4597-d1d0-4e6f-962b-7fe346f12d99'::uuid,'5a86d7f5-0bd6-4af8-b95c-cd4c794cacf7'::uuid,73776.54173333939,'0',89801.0,now(),now()),
('ad24fe4a-df2b-4c51-b5e2-2a9cd8afba86'::uuid,'ab90c686-761a-498e-8eea-fb51a3e5e125'::uuid,96092.223152315,'7',48654.0,now(),now()),
('aec83ab2-643d-4551-bf74-35e4f5efbcd0'::uuid,'6997878f-0a14-4d15-a8cd-423ba676f108'::uuid,11420.010938636473,'2',69265.0,now(),now()),
('75ed4d8b-0a16-463e-9c83-4aa68cfe7b17'::uuid,'94b35081-6661-4f61-8437-8775d04b40d6'::uuid,9642.044974538123,'2',45002.0,now(),now()),
('41c72287-126f-4f40-9037-29cd7a4ea191'::uuid,'bd725c74-52d3-490d-961b-0f3f1472af52'::uuid,63556.6475691709,'7',81651.0,now(),now()),
('d97bebdd-85ab-4462-9f25-708b1302863c'::uuid,'23caba87-1b22-42e4-9bda-8d74b7a5c7a4'::uuid,85827.63657012,'9',12440.0,now(),now()),
('83a3d530-d40c-4836-a462-9ce99287a200'::uuid,'c6123e25-2930-49cc-9a6f-d516acc7c030'::uuid,84653.820171397,'8',91665.0,now(),now()),
('e87d8e7f-e12e-497a-aa59-85dcce82556d'::uuid,'54497739-2b6f-42ec-a878-373451eeeb61'::uuid,17184.485697607804,'3',26634.0,now(),now()),
('d289f3a4-cbad-48b1-99fd-02ddce2b3df0'::uuid,'9b207822-9afe-49be-b947-2afa76243ce8'::uuid,92876.08345320159,'7',3840.0,now(),now()),
('3e72fdae-d807-455c-84ba-4dfd49738f58'::uuid,'fd4f4673-5343-410f-8cd8-ca657c3424a9'::uuid,60301.756325926086,'7',13436.0,now(),now()),
('837c6f55-7b93-448d-b1c3-2e675f4b5a1b'::uuid,'31ac9e0f-dd77-48dd-9596-7237afc5d075'::uuid,28766.28638109942,'7',44373.0,now(),now()),
('4123c26d-d7cd-4536-aaf3-247c760f9748'::uuid,'f4dd2cde-1ae7-4e7e-9ecc-075e3ad835ae'::uuid,66118.39383430981,'5',42995.0,now(),now()),
('249475cc-33ca-4d3a-86b9-03341cd961f2'::uuid,'e1e2bc17-2fed-4793-8e52-b3a674758290'::uuid,24518.66670092143,'2',21768.0,now(),now()),
('2dbfb874-4e53-4a87-886a-57172d5aa2e3'::uuid,'f09486e2-ac9e-4c81-b573-7a00881443be'::uuid,2459.818747546264,'9',7306.0,now(),now()),
('62a5c6fc-577a-4724-83fc-2ad5f9764082'::uuid,'72f97b63-bcab-42c2-ac49-dbf967f240fd'::uuid,86447.12926969041,'1',2339.0,now(),now()),
('bd9c6b11-8b62-484d-a0c0-173be67c977b'::uuid,'207baeea-9e0f-4060-96fd-dac20025efe6'::uuid,42513.033347346056,'8',43083.0,now(),now()),
('ba9800b3-7e6c-4725-bf12-9bfdf4b385ed'::uuid,'878627d5-e6aa-46d1-b36f-27c20da66950'::uuid,28868.690742629933,'0',89057.0,now(),now()),
('597de86c-ce2e-48d2-af47-c09716fdc905'::uuid,'03964105-37c3-4dc0-bf5c-505fd45a7904'::uuid,49147.31315691365,'1',28316.0,now(),now()),
('d0c0c628-ad9a-4c38-a287-8e2f9d25bedd'::uuid,'7f3e4986-ffe8-411d-aac7-5e1ae2e228b5'::uuid,3914.983315501532,'4',97766.0,now(),now()),
('b440ee7c-b64d-45a9-9ed4-c02342e2dacb'::uuid,'d3cc4b48-3a96-4a75-a815-45d8cc663bca'::uuid,16541.127952037674,'6',50512.0,now(),now()),
('d2b047d4-ce0b-4ed9-b8ef-47a8116bf5aa'::uuid,'971c003f-e4a5-4f24-a978-25cc537d995b'::uuid,30960.74537871565,'5',83532.0,now(),now()),
('6e081496-2fad-4ed3-9d0c-e70a5c164350'::uuid,'f36364b2-d6ef-4d5f-b51f-4d13281bde4e'::uuid,13918.534608271208,'7',17386.0,now(),now()),
('1af332dc-a88d-40a9-9918-05a9ea8ec0f9'::uuid,'20bfead4-3e8f-47a6-8ee7-252fb186a07f'::uuid,75555.3870959115,'0',81657.0,now(),now()),
('47eb07ac-9362-4927-94b5-e3edff642d49'::uuid,'1729f7c1-7145-4701-bfc5-4da1b03d99e5'::uuid,91546.00675002261,'6',56624.0,now(),now()),
('99e2e950-9ee3-4df7-aaa6-ae999743dbc9'::uuid,'3a975a72-672b-4351-889a-be904e636434'::uuid,72354.00407595135,'9',92863.0,now(),now()),
('c261b74c-ad0f-4a29-b6da-db843249773d'::uuid,'55b7e905-6dc6-4dc6-9f7c-d628ed5ed610'::uuid,46099.51382362701,'5',30364.0,now(),now()),
('5bcfb41e-e1cd-47b7-8262-6624d968116a'::uuid,'4a25ee36-0330-4dc2-91f1-754d2db67c87'::uuid,40771.622463524225,'0',60215.0,now(),now()),
('cc9cfc8f-69e3-4d4b-9625-b3ff99594b13'::uuid,'1cb2fabc-cfeb-4020-b0bd-0226f3f76a19'::uuid,47741.634872718736,'3',72157.0,now(),now()),
('93dcec83-7bc1-4896-878f-e9ed9a6f3b9c'::uuid,'ba112450-932d-4693-a982-2c0c57381eb3'::uuid,45015.99392980481,'9',56515.0,now(),now()),
('3ea3c8da-0c48-46cc-b0cb-83fa28797b6f'::uuid,'6a675d9e-b924-483f-8b1e-50dcb9253c35'::uuid,74096.58995047523,'3',39429.0,now(),now()),
('39aa38e0-6bb0-4c71-8114-60a2af252bcb'::uuid,'4a48b8c1-257f-4ef4-8b54-987765ceef7d'::uuid,93493.91920086235,'7',25256.0,now(),now()),
('fe0f9975-5261-4783-8f28-b5a8dca00ac0'::uuid,'aa43fa21-f2d1-47f9-926f-212dafd83c7d'::uuid,56731.29475955254,'1',62849.0,now(),now()),
('4f5d5a03-1083-4e31-87ba-cf1ae7d76610'::uuid,'be53f363-2942-49a2-807f-d61eb6b428d8'::uuid,53286.86391776526,'1',95643.0,now(),now()),
('3b87593f-1f93-4f13-a6fa-df263aa22b0f'::uuid,'e799af05-e642-4fd1-af75-8fd8ae8728d2'::uuid,60823.89176678271,'3',65498.0,now(),now()),
('bcc49cc1-ceb8-4b16-9ccf-9a7109b74781'::uuid,'305a7205-2c99-4388-a358-ce66bb7bf923'::uuid,74936.54077857653,'9',22747.0,now(),now()),
('8aeae0f1-4a41-44a7-a69f-dfc26cffcc9b'::uuid,'7b899c27-71c1-43e5-a4a0-e36273e858bd'::uuid,1571.6836959536065,'9',19378.0,now(),now()),
('5184b0ab-ff56-4013-90ca-ff2b34a860e6'::uuid,'00c71e32-f7b6-49d8-9930-325584d2b73c'::uuid,10461.167068685354,'9',87576.0,now(),now()),
('b0a37d67-4650-48be-9797-ff4a06b29242'::uuid,'a806e3bf-ec78-461a-9bed-e6244265bd37'::uuid,54877.99295824114,'4',4544.0,now(),now()),
('b78bb353-8bd8-4935-a458-5b483a8ea039'::uuid,'797c44b2-6766-42b1-af0b-a46774804318'::uuid,71485.26684217025,'8',28636.0,now(),now()),
('c7654691-31b9-435a-a9b6-e62adb505529'::uuid,'830619c0-fcac-4a0c-96bb-b3f3c60746ca'::uuid,11831.19323611458,'6',37023.0,now(),now()),
('5c04744d-0876-4edc-866a-a2165645a1db'::uuid,'bd1b3c6a-68f5-4ab5-a2d8-4fb0372409bd'::uuid,70618.17217313893,'2',66520.0,now(),now()),
('6dd4e93f-bf4a-406a-a673-5a5cfbc893af'::uuid,'bbc5cfdc-5db0-483e-8cc8-ded6f713a8d2'::uuid,38264.0070927849,'7',35699.0,now(),now()),
('aad0df44-1a24-486c-ace7-fe24911cf5d5'::uuid,'7e60f4d0-ddc8-486a-b771-df1dc0da7781'::uuid,23287.788052240347,'5',26103.0,now(),now()),
('a0a976dc-84f7-4b88-9cfa-9418d9cd8708'::uuid,'59d7193a-2a6c-421c-9b33-a92bc1956236'::uuid,98321.13613551679,'2',5440.0,now(),now()),
('34e037e1-bf5d-4d64-97c7-51c696a8c9c8'::uuid,'05685c89-a472-433b-ba4b-8e40f7e2fe98'::uuid,57676.7206597942,'3',57141.0,now(),now()),
('0bc1b7e4-1722-4065-8231-d7bd8405fe0e'::uuid,'b595d625-7d49-42e3-be8e-9ccf06b899e5'::uuid,85880.38791737446,'4',24048.0,now(),now()),
('e5be3734-440f-4c1b-aeb7-f36c89252270'::uuid,'89bfcd5c-10d3-4e3c-ae6d-9288534b2b79'::uuid,30152.528903233077,'9',3368.0,now(),now()),
('d78f619c-9157-4cb9-8c89-a1e14bad9173'::uuid,'63650d1f-d986-42db-90a5-e2336ca8ce58'::uuid,59982.68641822156,'8',33939.0,now(),now()),
('928becf2-5173-4253-a511-08a6015a5184'::uuid,'86e090a6-0e31-4ad7-8572-44dce322ed7e'::uuid,36966.644262802765,'1',72639.0,now(),now()),
('dee2e7f8-75e1-4285-9a07-02a016c4c00a'::uuid,'638444ea-3100-4b62-98a2-4534f39dd9d5'::uuid,97307.70060204556,'6',55995.0,now(),now()),
('e2507558-2088-489d-81f5-e9928f334954'::uuid,'428ff75f-bb46-456c-9877-07d472386dad'::uuid,97589.41414571585,'6',16211.0,now(),now()),
('5fc0ce03-f3a6-4043-beed-74c1030662e8'::uuid,'ada43ae5-1981-48cf-91a6-e673f6762712'::uuid,71194.298203927,'0',62661.0,now(),now()),
('4cd6899d-bc1f-4531-a38f-6ba15b4d4109'::uuid,'0f0288ec-d2f9-40af-8b08-ef2551c8294f'::uuid,42132.75910520407,'4',33988.0,now(),now()),
('919a15d0-10d8-40ce-bf6e-cfa4ed8adb7d'::uuid,'5037ccbb-3c40-4c3a-ac70-7f34d0b777f5'::uuid,60942.62955622376,'6',70090.0,now(),now()),
('236d1a16-cb5b-4db7-b84c-2de0ad17075e'::uuid,'ebb527db-32e4-4c12-973c-3eb2ba5b6ac2'::uuid,72435.0944371646,'3',84326.0,now(),now()),
('06d2ce15-a4b2-4d6d-8d94-7fdab062c2e7'::uuid,'6eb915bd-f55f-4669-928c-bcddd112d5c0'::uuid,5190.3689197906415,'0',35038.0,now(),now()),
('6652049b-5aa2-41af-bb83-75f51e418f11'::uuid,'dde953c6-9f17-4601-8e60-7e321df316ae'::uuid,64706.45182334565,'7',91956.0,now(),now()),
('02cf20ba-9e02-44b7-bc38-7813de9588c8'::uuid,'b3010436-71af-4ee0-926d-a1786e327e41'::uuid,60399.48844230488,'9',71218.0,now(),now()),
('b70089c6-5064-4c7e-bb4f-e7ef58df97db'::uuid,'69355ffa-b6bc-4200-9b7e-d01ca3bd32e1'::uuid,42280.14684626673,'5',15670.0,now(),now()),
('9a9fbc32-d404-4bc8-b153-f846345904b6'::uuid,'e56e78ad-b8c0-41cb-b18c-a4ff713e076d'::uuid,29529.912522017454,'3',31925.0,now(),now()),
('077694fe-0493-46df-a098-fc9eef92b42a'::uuid,'6f748538-f653-40e0-9131-867d6c5a9b7d'::uuid,49544.87335731882,'0',58554.0,now(),now()),
('1b2fbe57-9549-4412-83d4-353db793e49e'::uuid,'6ca3b9b4-12b1-4574-a3f2-4ec2b0e0ad86'::uuid,44442.4980115009,'2',41031.0,now(),now()),
('2adbdac3-f35a-444b-8816-09735d801326'::uuid,'2411896e-4a3a-4d12-bbeb-2ed61b903b03'::uuid,18646.76583573976,'6',77929.0,now(),now()),
('1f712e8e-6b7a-4bb0-bae2-75b7b05b3792'::uuid,'97bb55d7-0cea-4c57-9c10-d5684a4d221a'::uuid,83250.00835221367,'2',92803.0,now(),now()),
('e243b2a1-4e4f-474d-be5d-320d93b22602'::uuid,'aa56af70-9cc4-4f40-a3e9-3529940460ff'::uuid,63880.756032410216,'8',79558.0,now(),now()),
('b9089a8b-b240-4d1a-b906-4aefb742b101'::uuid,'aaa04607-2638-4920-be83-f4e724616ac1'::uuid,5042.097386951542,'4',82516.0,now(),now()),
('df9222a4-3892-4e48-b411-b47a7466cee3'::uuid,'416e9ace-21ae-4a94-bb01-20a9ed5d3f41'::uuid,20707.460348665525,'3',61256.0,now(),now()),
('5c9a36c2-eb06-4430-b935-5d653c6ae46c'::uuid,'575275ef-a4cf-44f7-bcfa-149ab56cffab'::uuid,30689.791253506184,'6',74443.0,now(),now()),
('2ad50437-935d-43f1-b297-99b8208ff707'::uuid,'a201835c-a490-4dc8-b698-beb7f1ef93f4'::uuid,37754.869556568716,'9',4748.0,now(),now()),
('69d311e1-3116-4d6a-bcc1-9412d77f19c0'::uuid,'ed28c157-b2c2-4ad6-bcda-034b262e6ff8'::uuid,40668.554419101456,'1',61594.0,now(),now()),
('a1cf0871-6213-4be7-bd53-9128f689ff2b'::uuid,'d1d5be65-3451-4a06-bcd8-99d2835e853c'::uuid,20955.272623340028,'4',1409.0,now(),now()),
('6fa6bcf4-320f-4685-91a0-3f6d6f5287b7'::uuid,'9ed0a0de-e595-4551-b1ca-5f00a186f8dc'::uuid,30292.748571427488,'3',22406.0,now(),now()),
('1ed21129-e84d-4174-8632-c3b1f044ef3d'::uuid,'23adf4e8-625d-49b5-b062-0c70a59620fb'::uuid,83227.1315588882,'3',37484.0,now(),now()),
('b55582b8-3a60-4e30-b2b4-c8f7f1df4b41'::uuid,'33d8c94e-5cfc-45e8-8cf4-1e611fef49cd'::uuid,7739.140738343047,'4',33635.0,now(),now()),
('16ff7a1d-b7cb-4c4a-958b-59532e305385'::uuid,'650bf5a8-5ee6-4eb6-b593-e83a16909046'::uuid,30335.034361638936,'6',57441.0,now(),now()),
('5386780a-880e-45a3-881d-4000acb8d01b'::uuid,'6620f340-3547-4ccb-b85f-b5022a5c23cf'::uuid,93076.08966456639,'2',55797.0,now(),now()),
('8384ff7f-b89a-4132-9c61-736e94fb90f5'::uuid,'c1b385de-055f-45dd-b716-5ec22116a70a'::uuid,48976.38829410577,'9',70293.0,now(),now()),
('860f5394-7247-4ca2-af57-a827e1d6c844'::uuid,'fbb83aae-57c3-4870-ab54-a7ce37134a78'::uuid,70319.13712992493,'5',67782.0,now(),now()),
('58e08749-8802-4747-86c3-1782f63d5115'::uuid,'bde291d4-7ed4-45f2-ae0a-0e9ec3272f3f'::uuid,29520.175875898673,'1',63078.0,now(),now()),
('65924368-b6eb-4439-bc8a-f999926d2e16'::uuid,'5554db1d-2ac9-4eb1-8488-c486bd4afbbb'::uuid,2962.9535499841954,'7',90632.0,now(),now()),
('c5f38c9c-5378-4161-ba80-5f7b6d1e8ce7'::uuid,'d4d21769-1af2-4119-aecc-ffa34d782d51'::uuid,59642.88113811572,'3',38071.0,now(),now()),
('9dcdc42f-984e-40f8-9656-68e30adc7a9d'::uuid,'26aa8361-1532-4c8b-b201-d4ab3a2394be'::uuid,19120.934856126012,'5',6973.0,now(),now()),
('15d45b51-9c72-4ae4-9ac5-a771ccc3e468'::uuid,'5e3f0f66-3f67-4ae0-9f61-74882689a6e4'::uuid,75089.60383931315,'2',95922.0,now(),now()),
('3c2cf276-a676-41ec-a357-a5bef227ec8d'::uuid,'96c60d18-d68e-4e48-9235-e8533f34f326'::uuid,7124.220308396682,'5',52238.0,now(),now()),
('bda9e494-7526-4620-abb7-7f0256ff55fa'::uuid,'d7188431-650b-4a85-8f8d-e147d3537be2'::uuid,52969.41449949904,'2',45573.0,now(),now()),
('7dac8166-85a3-4b6a-a908-545a1585c746'::uuid,'63a1ad6c-2ba5-4a93-b5c4-17ab0e71c313'::uuid,5852.498550695141,'3',26556.0,now(),now()),
('6c865ea3-57f0-47d2-85dd-222a3876a864'::uuid,'94781596-3941-4bc0-96b5-ebe1359c1e14'::uuid,39529.1632648461,'2',33628.0,now(),now()),
('f3950138-94ae-46b9-9cbf-4bb8ad21e959'::uuid,'0a34c12c-b7a0-4643-8a76-590f769d7591'::uuid,35127.69187412153,'0',52059.0,now(),now()),
('8cfd984e-ce18-4ff1-aacf-df0666d56776'::uuid,'108b67ed-b4f6-4206-ba0b-7560a38a5f7c'::uuid,14948.240772068617,'5',50810.0,now(),now()),
('7b8fadca-ced1-4e24-8ff1-6972ba0aa91b'::uuid,'f4e6584e-74e0-4276-8da8-1a75d89d1c51'::uuid,19620.45631055649,'0',79385.0,now(),now()),
('f82f4e85-db4b-4bd1-8780-84f652a71096'::uuid,'71731f6a-e150-4c77-8be7-f02051e3fe11'::uuid,54984.19933765912,'1',91181.0,now(),now()),
('8d76bb08-8500-490e-84cd-e4f00be07d1e'::uuid,'205a255e-6048-465a-bab5-dec9479572ef'::uuid,82135.40783479149,'3',29256.0,now(),now()),
('2d55c95d-1cc0-40ae-bbcc-7bc08e8a2af3'::uuid,'6f2c1eec-0972-4371-9e84-34d7f3720836'::uuid,64380.67795342997,'8',11001.0,now(),now()),
('fa4c1034-b838-4d54-930b-9c78d591519a'::uuid,'3ac89297-aeeb-457b-a3b1-b56e03b4710e'::uuid,9768.08260978046,'8',40281.0,now(),now()),
('52661d08-8d88-41de-bf9e-03539e286ad5'::uuid,'83a8ab9b-5d8e-4d6e-8ab2-223133440a8f'::uuid,81306.73472605518,'8',58435.0,now(),now()),
('ec7e6772-5a17-4763-9053-4a68cd706173'::uuid,'363a806e-a8e6-4052-8c1b-635566cfeba5'::uuid,58391.86186583313,'4',82512.0,now(),now()),
('8f3cec05-51ca-43c3-aa65-898a2568f8ac'::uuid,'ada52974-9a58-4857-8997-c84d257ed7fe'::uuid,56896.47555455774,'4',22724.0,now(),now()),
('7581e63b-df73-4b32-b188-37d12a2fa976'::uuid,'36cedc3e-d4c9-4897-908b-f28f9d401852'::uuid,10033.43966082028,'8',87768.0,now(),now()),
('1bab37ca-b77c-473f-ae96-08fe4a4a4a27'::uuid,'67c452ab-4b2e-43be-80ec-0755e12ac8c7'::uuid,15893.777995937926,'4',82038.0,now(),now()),
('dbc0a1dd-c3fb-4827-8915-36a5493bfcae'::uuid,'fc4f3158-a2c6-4d8d-9ea4-4b596714e61b'::uuid,8366.884424711267,'6',42408.0,now(),now()),
('b95c6623-2520-4220-836c-71d5ca48c9b4'::uuid,'c4175ddd-07ef-456c-81b8-6552e4ceff8d'::uuid,88707.94442538767,'7',12899.0,now(),now()),
('8cc3190f-4d10-4952-bb35-02d81ab604c3'::uuid,'7edad3ff-d2a3-4596-84a4-17adf0745658'::uuid,40735.94284801419,'6',85942.0,now(),now()),
('9b7cb5e1-2c5b-44fd-bea5-070888d9e274'::uuid,'7acb094f-6d22-4a1a-b888-d61ff30f6fbc'::uuid,99722.27875378651,'3',60883.0,now(),now()),
('06795615-08ca-4381-92c1-a0d665c4a7a0'::uuid,'2f82af8e-ada8-4c79-ac43-9d721837b82b'::uuid,42576.957329938894,'8',59778.0,now(),now()),
('363b4397-51a3-4edc-b880-59604857e585'::uuid,'fd04b74c-df47-47ae-8f3d-4b36467074d2'::uuid,34876.86612142429,'2',62253.0,now(),now()),
('80864adc-859e-4fa1-97ba-d3dceefcaa4b'::uuid,'c374a190-fa61-4708-b7e9-462e3fedcaff'::uuid,84423.61585835325,'5',54404.0,now(),now()),
('b57720ee-7f3a-4a84-ba2d-76bc6495314e'::uuid,'9cb81e78-add2-4b87-a353-b36b18aabbd3'::uuid,18890.245143146043,'0',49243.0,now(),now()),
('be5d128c-2773-46e4-a7d6-c0ca9e9c4ba5'::uuid,'65fd260b-966a-47d9-85dc-9f164390995a'::uuid,40973.72584985289,'8',10423.0,now(),now()),
('1ba50ba0-9e04-4850-a6c0-bda200331088'::uuid,'9df3e0a2-8371-4062-a7ce-299df53f8163'::uuid,45934.19743636423,'8',67898.0,now(),now()),
('b25d013b-6c85-4f8f-bb4d-1d04cffee918'::uuid,'add86218-d645-4da5-beff-1186e0ace28c'::uuid,60157.30113451483,'2',39115.0,now(),now()),
('9ee14c76-2781-40ac-98a8-84163b6735a5'::uuid,'1ee10ddd-39f6-46dc-aedb-0539dd8d089f'::uuid,71260.53931963375,'8',86704.0,now(),now()),
('598b1a1a-ced9-46f8-9f5c-9e91bf3e44d2'::uuid,'aa23ea7f-2f2c-4171-888f-9c1190192e02'::uuid,8493.47392615524,'3',41587.0,now(),now()),
('ddeb495a-246e-4620-bb0d-109620f36188'::uuid,'225f07e7-f4fb-4943-b68f-763f39819d63'::uuid,89772.5857257351,'3',76665.0,now(),now()),
('f57645f7-940b-48da-988a-4b19f934cc40'::uuid,'36aa01b3-6083-4a24-9dc2-b8b8528116f1'::uuid,41307.09127516164,'1',22073.0,now(),now()),
('e67381a9-4bf5-4364-b843-f77bbcdd9943'::uuid,'cb98e5ad-83f0-4d86-b82d-044ea10f6888'::uuid,71931.86652946068,'4',99066.0,now(),now()),
('fdc6dfb1-1416-43d4-8f15-cd962728e7c8'::uuid,'2556dabb-e3c0-4886-bb81-6e2b0911f319'::uuid,1703.3281572199292,'3',10564.0,now(),now()),
('d2ad0577-2817-44b9-b3fe-5ef221d85df6'::uuid,'d1dfb8f2-2f62-4997-a7f2-c360f0b88acf'::uuid,16790.71064655005,'9',45848.0,now(),now()),
('53fafbb3-513e-4919-9688-259e41a8078e'::uuid,'c47d67dc-904d-463c-966d-2db09dc0a4c9'::uuid,99078.24700750645,'2',32717.0,now(),now()),
('fa815f4e-39b5-44d6-b061-1211908e6270'::uuid,'3dd30be0-c394-41c1-900f-13fa47b0181d'::uuid,12204.473416469,'9',39330.0,now(),now()),
('c9a5333b-a820-4660-bc86-7a68a8897e77'::uuid,'70ee995c-067f-4631-be1f-100e15114c72'::uuid,60866.95616616545,'7',90859.0,now(),now()),
('84f06194-8863-43d8-94fd-9e9d2b787bad'::uuid,'326d001c-63fd-41f6-9607-7456ff2a7b8d'::uuid,65901.46793797796,'3',12971.0,now(),now()),
('5c0c929a-c5f3-433e-a15f-0078ff475f2d'::uuid,'401c9873-2667-4f2d-8518-c4bc9de5a082'::uuid,66094.86735714237,'2',48924.0,now(),now()),
('579323bb-1f9d-439b-a35b-ec86c7f36bab'::uuid,'d116024c-ee42-4bc1-8fcd-f324d3264ba1'::uuid,77022.07118268507,'2',62915.0,now(),now()),
('796a4570-8c0b-43cb-8aef-186501f238bb'::uuid,'a5de381d-56bd-490e-a62f-b072901d340b'::uuid,9238.52497869296,'1',46257.0,now(),now()),
('68026f5e-1e9a-4aea-aaee-1e7b38df221a'::uuid,'89d640a1-ac1b-4ba3-8b38-76ee1b576d1f'::uuid,71576.01086802916,'8',81251.0,now(),now()),
('3910be14-e795-4c3a-9c3a-800a6c46cf28'::uuid,'e8dc9419-4d11-4e24-9975-001d9b162c8b'::uuid,35626.577640138894,'2',512.0,now(),now()),
('71f25198-f96c-4d16-97ee-24945972b24d'::uuid,'735ebc38-8d17-4686-ad3b-8e245811a869'::uuid,24671.499227387983,'9',56265.0,now(),now()),
('0486eec2-dbbf-45eb-aa80-5df32291dcff'::uuid,'2578c4a7-9a04-4511-8e4c-a124143ecd0c'::uuid,95364.68503569,'4',98219.0,now(),now()),
('c12d7c97-d788-47a8-8c6d-00ba6b78f89b'::uuid,'fb1d82f2-d3af-4452-9dc5-5402561214f0'::uuid,14619.664971256943,'9',52367.0,now(),now()),
('e23c05aa-82ec-44c3-95f9-c4f83aef8bc5'::uuid,'88ef6c5f-d85b-4adb-a4ce-8ae2cbd1e16c'::uuid,61908.500902403364,'8',13121.0,now(),now()),
('3885e908-4574-4d95-87a8-1cdbfc59cfcd'::uuid,'a11c70c5-65a0-4cd4-9bff-dea67c9236b1'::uuid,38714.64488969381,'9',62958.0,now(),now()),
('bc105e32-5c7d-4f66-9611-13385ca20690'::uuid,'b8dd0a06-9bc9-474e-8fc8-c18476c069db'::uuid,16809.34546559989,'0',36986.0,now(),now()),
('e6d60770-7bbd-4a50-9cc3-48731c93d666'::uuid,'e5c776d7-cfa3-4173-9e3d-aebd4a8bbeac'::uuid,25311.731702474513,'5',63202.0,now(),now()),
('9768ec03-bdab-4014-ba64-274d4e10896b'::uuid,'0314a1ff-021b-4b94-bd01-fe97d16397e4'::uuid,24309.77843130823,'3',55384.0,now(),now()),
('9635fe63-965b-4865-907a-1390fbaa1d7a'::uuid,'e76af996-0621-4a77-8321-05837c1dad9d'::uuid,36359.134919655466,'8',76474.0,now(),now()),
('42b1f0f3-69e7-45e2-ba71-ffa626d4867e'::uuid,'b0c2d810-d338-4184-8bda-9143841786c8'::uuid,20984.00624155679,'6',51772.0,now(),now()),
('9d7ed321-cd22-4b21-be4d-b8f4cd773f01'::uuid,'5fa97683-c2aa-4ed6-971b-954d82e2b412'::uuid,56712.196631487706,'0',8181.0,now(),now()),
('44eccf3a-810e-46ae-8b7f-7fed89ecc433'::uuid,'e20e43da-7a2d-4b70-8928-351b2921f8cb'::uuid,51444.90496458385,'8',77249.0,now(),now()),
('8f970ac8-4c8e-4ded-a746-0d30ef0c7d9d'::uuid,'746d478a-4855-4bec-8151-89bef2ebe784'::uuid,88694.31430287816,'0',93769.0,now(),now()),
('2d9f1a56-f1cc-4832-9ea1-4ccc16b3388c'::uuid,'476ada81-0097-4837-a677-a51b3afb818b'::uuid,88327.41284828627,'9',80457.0,now(),now()),
('a108af5f-c0b4-4861-9d93-6dbf144d1d2a'::uuid,'6f6d7df2-3223-46e1-abfc-d9ef1ca0c5d7'::uuid,61864.35780384328,'8',53852.0,now(),now()),
('39b20161-a61b-4bdd-b93a-24d21236487d'::uuid,'fc7d572a-bff1-4ed5-b18b-3aec6945bbbd'::uuid,42529.144221476956,'9',52380.0,now(),now()),
('50e349ed-d01c-4891-af9c-47a5ca644568'::uuid,'54d16d49-894b-4519-a053-8d731810257d'::uuid,73555.02806365052,'6',48777.0,now(),now()),
('826906fa-79f9-4ec2-bb02-9fdb3463cba1'::uuid,'e63ab2c8-607d-4bf0-8e4e-de38630b491b'::uuid,52437.29908377159,'5',4149.0,now(),now()),
('abf37b60-ee8a-4b9f-b9b4-3756455a6f06'::uuid,'24ecc2e2-d913-4bd6-8179-2fe7ce520dec'::uuid,47624.3898925928,'0',77347.0,now(),now()),
('a6e288e4-4bdc-452e-884e-f8133c457de3'::uuid,'3e78206e-65d3-4ab3-8beb-2a9430901ac0'::uuid,18530.2903811747,'9',62487.0,now(),now()),
('08cf4a92-9a56-4b8d-b665-38af2f38ea2f'::uuid,'5f050f77-d4ff-4bc5-a32f-4dc4c4541e56'::uuid,79690.72167159134,'8',69992.0,now(),now()),
('ecf2b15e-57c5-493e-ac4d-73641fad7102'::uuid,'94523ed3-8a40-47ba-bac8-f147d5323387'::uuid,76209.9836206856,'0',37024.0,now(),now()),
('8303be55-f667-4abe-9f68-83bca6d80097'::uuid,'0a956113-a679-4b42-8fcd-a018ad5d47b4'::uuid,98085.85976607222,'6',85378.0,now(),now()),
('40a0ee6b-668e-48c2-8315-9148ca48147b'::uuid,'b6c73938-21e3-404f-a2ee-29959b22fe74'::uuid,88460.04113349436,'0',86514.0,now(),now()),
('93624a10-ff1c-4864-92bf-3bf772045e43'::uuid,'8aa70d48-4fad-484b-84cf-4e7f409c0d14'::uuid,29048.375676811876,'1',31273.0,now(),now()),
('15b9cf27-6c70-4be4-820a-bd8c7b8cea52'::uuid,'ef216ac4-37f9-40c0-8dbf-65c2a533edc2'::uuid,33684.585952588226,'4',86818.0,now(),now()),
('7d4cfee6-efb6-4796-af6e-b873babf1e1d'::uuid,'bd2b685f-b051-4cf1-ae74-0df3c964f532'::uuid,87204.20909669698,'3',95383.0,now(),now()),
('4320cd75-d1ac-44aa-a595-3563154e4555'::uuid,'91d317c0-b2b2-46fe-a4f2-b3ae334231bd'::uuid,29812.247926838685,'4',82546.0,now(),now()),
('5c663858-fdfd-4724-9100-eb13b7acc07f'::uuid,'5992bac3-ca8d-4a4b-826b-9c2060446ec4'::uuid,84287.79019859388,'5',90007.0,now(),now()),
('b1e29ee5-86e4-409d-88bf-0b06db4b1aff'::uuid,'dabfba6c-d9aa-419a-9aea-b81202b5a38e'::uuid,37422.62734988963,'9',86379.0,now(),now()),
('0fe5178b-58cf-4e91-bf0e-06e455904c34'::uuid,'61c86272-e1fb-46b8-982a-161e11ed4e0f'::uuid,14726.219635772919,'0',85484.0,now(),now()),
('1adcffda-3ca9-4c4d-b577-95f4e372f54a'::uuid,'b61764e1-f4f0-4d5b-a78b-0e1b02c1eba4'::uuid,90545.30903841682,'4',75340.0,now(),now()),
('a67c8853-34fe-4deb-a5dd-e364e8f6f1f0'::uuid,'73843a5b-a776-40f2-a2d1-f8e53929533d'::uuid,63009.73489258317,'2',31769.0,now(),now()),
('1587b533-303d-4a7a-adde-bc1a0d7074fd'::uuid,'305d2e99-ff9f-44f3-bbf6-98dec4754c23'::uuid,18276.782450578958,'6',21655.0,now(),now()),
('d6993506-2ae2-4165-94a7-a8104e5418d5'::uuid,'7b221ae3-d617-4329-9842-ea1fa78b85e3'::uuid,40680.47677932255,'6',44892.0,now(),now()),
('38d662bc-75aa-46d3-9501-33907c963769'::uuid,'5e2c70f7-a17c-4e72-9c24-3fa45195cc23'::uuid,92046.97109173085,'7',87373.0,now(),now()),
('fc337c49-1ff3-404c-9f30-a104d3607e21'::uuid,'59361cbb-dca1-41ed-89f6-2ebfc505885d'::uuid,66849.48002149888,'5',65628.0,now(),now()),
('6ce08495-ea91-46fb-bb85-436b18f55e47'::uuid,'c9033424-b3b4-41c6-92b5-97c8dd40694c'::uuid,51305.54711071872,'7',6514.0,now(),now()),
('7adc52c1-654a-48b4-a28d-87a71590d747'::uuid,'36dbffe7-e438-42a0-9565-670b9ff595c3'::uuid,14876.847049927179,'7',81397.0,now(),now()),
('37dc5124-d59a-4796-92dd-5c71768573e5'::uuid,'41b5bcd1-ff33-4758-9fc5-d1cb44da6640'::uuid,71955.8046463281,'3',76287.0,now(),now()),
('d8452ef1-23a2-421a-8b92-fbd55622a9df'::uuid,'44a7cefe-89ec-4e0e-98f9-c8088a3be269'::uuid,3867.224254358313,'0',39231.0,now(),now()),
('91fcf54a-01a8-4dd9-b283-6f2fa30f1127'::uuid,'e3cb9d25-6bbe-4331-a238-f6ccbfac90ac'::uuid,79154.58813970479,'7',79791.0,now(),now()),
('8ece0312-f6c9-4d71-a1fb-8e95333a6445'::uuid,'3ccfa718-2a85-485b-9d42-4e5c6f4cb6e1'::uuid,2541.985119584588,'8',67580.0,now(),now()),
('561572ca-c23d-4011-9837-baac18c927c6'::uuid,'e36f0514-177a-4137-87e6-aa46fdbefc4f'::uuid,92316.61948481882,'9',66625.0,now(),now()),
('234b7e94-f98e-4268-af1e-b75feef848ef'::uuid,'7865647b-58dd-41b5-9e64-4d381bcbc090'::uuid,64344.93481921739,'8',67808.0,now(),now()),
('a99b7dcd-05b1-4d93-b86d-32e1c5cd3392'::uuid,'894b5ab1-0b8b-4cc4-9a90-79f5f399a9af'::uuid,82219.54054529208,'2',24943.0,now(),now()),
('ddc0b00b-215f-4103-a115-31bebfe853cf'::uuid,'97619be7-bf14-4145-842c-c324b4c640a3'::uuid,67069.88599858228,'2',32399.0,now(),now()),
('ac8e36c3-2901-4d8a-9b89-b1155ef13fca'::uuid,'28a3b6c6-1b7b-4c40-b8b7-edf289654410'::uuid,26568.085222159727,'4',88762.0,now(),now()),
('b32e1789-4e79-4fe0-9481-c711dfeab57e'::uuid,'d6057e13-4953-482b-8a7c-b21dc84b342a'::uuid,74258.1156344268,'8',96245.0,now(),now()),
('afb8ec45-8c84-4ecb-8997-1d3d7e902f87'::uuid,'8497a88d-0b66-44e9-83c8-2cd28fc34843'::uuid,89136.01791338576,'6',37713.0,now(),now()),
('760b1ad4-b235-45cc-86e8-8ff933323176'::uuid,'14b71d53-a78e-4a8b-bd67-88aebe235a28'::uuid,68961.49801538639,'4',29781.0,now(),now()),
('01000e89-533e-41e2-8469-8f646e1dc3bc'::uuid,'3abecf22-6f1a-4b10-9dfb-17b8b883a1ba'::uuid,67747.82286220304,'1',62898.0,now(),now()),
('32cdf7b4-833a-4a63-b0ba-23c9381db126'::uuid,'24e1ffb1-5659-4630-a776-d51c7e189d66'::uuid,35400.019043403656,'6',38355.0,now(),now()),
('d550398a-e659-4485-a2e6-dba02a9d485f'::uuid,'b1bdc0d5-4319-46eb-907c-d3aceae5bc78'::uuid,37277.601547598155,'9',92188.0,now(),now()),
('3244ab1f-5661-4b65-b1e5-974f7626e9fc'::uuid,'9d872c83-0ef9-4543-855a-0054f7f81bad'::uuid,68807.41221254627,'6',40859.0,now(),now()),
('1ad48f85-1503-4c5f-8093-db4e83d4d449'::uuid,'f1fbfdc9-9ea1-4a41-b727-dafa2d445670'::uuid,50602.23292651122,'2',91021.0,now(),now()),
('d38fbe0f-7b21-4470-887d-21329a56a2ab'::uuid,'4567fefa-5eb1-45f9-b20b-4c75ab2a25e6'::uuid,23468.816777918953,'5',62498.0,now(),now()),
('b6df7e71-6755-4276-b353-b30335d125df'::uuid,'6ddcaf49-cb67-499f-ab81-808fbbd9888b'::uuid,16768.573993571263,'5',80640.0,now(),now()),
('45e82c82-be2a-42a3-a20b-b81ed3ac26c8'::uuid,'0fbf73d3-3dbd-4e9a-b850-4ce84b1cac0f'::uuid,62913.64378361466,'9',91506.0,now(),now()),
('0c203591-7052-4bbb-92c8-9b7ab1865a18'::uuid,'e0f0362b-f158-4f2d-89f7-86d057f04433'::uuid,62168.325780437204,'5',44731.0,now(),now()),
('f00b9ade-461d-4e49-aec3-369592f2b9fb'::uuid,'67c3c301-cdb8-4bab-b7bf-b3174b119e2b'::uuid,20434.245774900464,'9',17678.0,now(),now()),
('b0162f88-4bf1-47ce-b6ed-0583cef16c84'::uuid,'823ff2f5-01a2-416e-ab57-6851b23c1143'::uuid,65207.16257306488,'6',27542.0,now(),now()),
('7ff789d5-1d45-4251-93eb-239b137ce619'::uuid,'d4a972d0-c2e0-4979-8ff0-4f35e5af5af8'::uuid,86170.52117608339,'5',91789.0,now(),now()),
('56ca7480-a5a5-45c9-af79-f9dab7d656bb'::uuid,'292cef55-bdd9-479b-911c-80d1f4b5b4f6'::uuid,86075.81978147045,'1',61800.0,now(),now()),
('65640894-a49c-4b2a-b68d-3c03ace0d960'::uuid,'f5226aad-dbda-49a1-a25c-d1b090dfbf32'::uuid,80557.24447175137,'6',19275.0,now(),now()),
('b4035c5c-6115-4149-a397-1fea3a998d52'::uuid,'7076cb6e-74e3-45f3-94c4-4222ae6ab030'::uuid,94589.05855281037,'9',3158.0,now(),now()),
('c81b8c1d-f9e2-489c-9214-5b76b415bfa1'::uuid,'5356be70-99eb-49e2-8deb-bb803561b07e'::uuid,53145.6984853349,'8',29005.0,now(),now()),
('c9b75613-da45-4658-ac2b-0953e01aa4da'::uuid,'e450eff3-5ca4-4710-88a1-0133d85ef415'::uuid,16945.77287484844,'7',89376.0,now(),now()),
('899ad3e5-3993-47f9-a4ff-7ee1ae6bdbed'::uuid,'0521482a-f7d5-4505-9f32-2be0cf3b6b31'::uuid,68732.09520518447,'3',38534.0,now(),now()),
('088fb257-ea93-46e2-8db6-d80369b1db4e'::uuid,'ebca8f2b-72d9-4851-b6dc-aa0589721d41'::uuid,61171.97757313003,'5',87081.0,now(),now()),
('d2bc96e6-2f08-4cae-ad8c-35ab6cf48370'::uuid,'d615e555-9fa5-4e32-b7a3-04c8fd0e39cd'::uuid,26128.306764609228,'2',70915.0,now(),now()),
('8bad62a8-3c3d-4dce-9e89-2aeba509c1f2'::uuid,'7703a10a-3b46-4fbb-b71b-37deb537af59'::uuid,19228.013261433935,'5',36714.0,now(),now()),
('0ce9c590-eb7f-4bd4-a38c-113374cb0266'::uuid,'7fd976c0-a8fd-4643-a36c-cba1ed4444e1'::uuid,15862.588338572083,'1',64967.0,now(),now()),
('112c06e8-ae38-4787-985b-b960f4d63f10'::uuid,'57d3595e-bd32-4f47-a8bf-aee94e8c6fd5'::uuid,17210.02696132213,'8',57126.0,now(),now()),
('80872b6e-a468-489d-840f-cf6d54cfc2b2'::uuid,'0d587b9f-b743-46c9-b6cc-d56d63a54a3d'::uuid,33542.25987598669,'2',60843.0,now(),now()),
('d40ef192-99d0-4788-9285-f46984f4b5dc'::uuid,'98127fb6-ebba-429a-b5f4-9db6ff873a3f'::uuid,39876.63476285774,'6',25324.0,now(),now()),
('598212c3-fed1-4bc4-a59a-4b0293d83806'::uuid,'925fd249-39b2-4b3b-a5b3-f8608e1094af'::uuid,80597.72374281147,'5',35798.0,now(),now()),
('5282da23-b429-4d25-801b-1e22b7338762'::uuid,'2ffa33a5-60a7-40eb-853f-f32b23e5f2b6'::uuid,7045.645554811519,'6',3956.0,now(),now()),
('e2d2fe6b-1563-42f7-a502-30606d03921d'::uuid,'e0dc1a58-1cac-4a5b-ab08-e88f67c6a06b'::uuid,77742.73050738616,'7',11258.0,now(),now()),
('54b42a2b-c39d-466d-89d7-7dda32817c02'::uuid,'4972aeb3-a4a3-43b3-a6a6-0a68573df49f'::uuid,83957.82250892719,'3',49425.0,now(),now()),
('ede0f75c-0fb1-4ba3-bf66-64aee3a803e8'::uuid,'601560b3-1485-4482-bd83-8fe96af009d2'::uuid,24188.465255705985,'2',51598.0,now(),now()),
('1ad67c2f-2792-44f2-9847-f893a2236da3'::uuid,'b8f3e4dd-1d05-4b0d-8308-849965d7138b'::uuid,90848.8816590659,'5',96843.0,now(),now()),
('89d9c770-b128-4581-aedd-9cb5bc773f80'::uuid,'cdfd4da5-c6e7-4aca-81dd-850293bf77e2'::uuid,99532.811980579,'0',27493.0,now(),now()),
('76d6beed-7ae9-4fff-90ce-a3a66cea570a'::uuid,'eb73efe2-f021-43eb-b525-f05eff6cd0e3'::uuid,14258.274572300192,'9',84607.0,now(),now()),
('37371848-f30a-4cb0-adf4-97223eaf8851'::uuid,'f72102fb-b0d0-4c7c-a2f7-4657ac20f0eb'::uuid,10643.063744861756,'7',22249.0,now(),now()),
('560eff13-ef43-472d-8d16-9c40e7c14d52'::uuid,'de3b8cac-923a-45bf-b4c7-13853e8fbd47'::uuid,11645.774765277703,'3',50943.0,now(),now()),
('7c0c280f-b3c2-44b9-8ee3-ba36a4debd53'::uuid,'93422fa5-94a8-4efc-a923-6646aabfe9c7'::uuid,91676.3814752186,'6',18239.0,now(),now()),
('1ff07a00-3851-452e-bed2-c9ee31b7e70a'::uuid,'fcf7f64b-e1cb-4ac2-b909-3d4ac9b36be7'::uuid,35618.48517542497,'6',7572.0,now(),now()),
('e51e7ee4-68e0-464d-a888-108f41cbcb12'::uuid,'0873b32d-f10e-4302-9e0a-e26a6be26517'::uuid,12889.464399100081,'0',12371.0,now(),now()),
('9d5fcfa4-f9bb-4a95-89f5-25ed93fab3c3'::uuid,'1f878c7a-c542-4031-83bf-c12fc4c292d3'::uuid,27667.60665281162,'0',71485.0,now(),now()),
('df8b108e-e217-49d3-8b31-36fc7a4a4a14'::uuid,'3d7a6d67-5637-4c74-938d-b6cbd1319ad7'::uuid,81697.18029388553,'7',74447.0,now(),now()),
('892613bf-95a4-4db9-8fc2-41b64a82d4fa'::uuid,'4e09819d-f7b0-4985-8c07-f9271370181e'::uuid,83009.15509474532,'0',14863.0,now(),now()),
('a5fe6475-8b56-4a74-9e59-f1bee548f6a8'::uuid,'61e3ee79-2ce4-4fbe-86ad-62bd6d723d3d'::uuid,84966.31387338538,'1',80368.0,now(),now()),
('adad3690-981a-4b9e-be3b-8cdad5e93380'::uuid,'98831bae-86c2-4907-ad29-f5d348d2f053'::uuid,98603.78750141771,'1',75260.0,now(),now()),
('227eb054-1160-4bac-a45a-b5140469f895'::uuid,'012c07f0-b20c-4d6b-8428-185714ab8602'::uuid,24978.12679314834,'9',23293.0,now(),now()),
('7c8e424e-48d8-4d95-a2c4-ecc0b319db1f'::uuid,'e05c8afa-bd62-48f4-8f3c-e366b1895e45'::uuid,16240.994887171648,'9',53464.0,now(),now()),
('563ecd6e-7b16-42f7-90dc-883b38e59c14'::uuid,'454b0d06-0a47-4688-a455-7405dc9c19dd'::uuid,17917.082912268826,'9',30218.0,now(),now()),
('07f9fc40-b846-4335-ad66-b55faf7bff08'::uuid,'f8710d7e-3db2-40fe-9c66-50ac27a2654a'::uuid,86250.14263821018,'3',14801.0,now(),now()),
('761f67dc-263f-471d-9049-d41b9b14b3a9'::uuid,'6dbb31df-ef7e-45dc-b9fb-ee4f6abee054'::uuid,72621.87760563998,'4',88835.0,now(),now()),
('6ac9b9d7-95b7-447a-a239-fc3c2a4dee19'::uuid,'2863127e-140d-4334-9173-ee6f698d8550'::uuid,75967.18656381742,'1',1160.0,now(),now()),
('d038d409-7501-4fac-b3f0-fbe4b9f89924'::uuid,'2f824807-b65d-47ac-98bc-e52d3ee905fc'::uuid,92849.82007684754,'4',20154.0,now(),now()),
('30dfe15d-5383-4f80-9318-eb0f28242d35'::uuid,'bde2c57e-b28f-4283-99e5-87472ace5ea9'::uuid,88905.36554441175,'9',55650.0,now(),now()),
('908e123a-87b8-4a8d-8871-01f9e8566d2f'::uuid,'e972ce12-7d11-4e76-8a1f-051066d37064'::uuid,17399.652778149833,'3',16003.0,now(),now()),
('10405522-04b2-4a0a-9375-c45cbee4c797'::uuid,'b4f1b47f-cbb3-40b6-9a9f-bc2229c99ab5'::uuid,91311.7693360015,'1',59548.0,now(),now()),
('9fece6d7-f2f0-4162-8070-792698f34969'::uuid,'d4f56e3b-1c50-4bea-b41c-f660d7924180'::uuid,16474.052200239432,'9',97381.0,now(),now()),
('bd3bca9f-afa2-4fd5-be78-5e072f36afe8'::uuid,'62183cf1-0948-4d45-9b6b-5ee01b851ef9'::uuid,55309.40274686368,'3',82085.0,now(),now()),
('17bfaf7a-d514-45b8-bd8e-bc3a248e4c88'::uuid,'bbc3dbe9-5774-4356-9e29-c519d9f98dbc'::uuid,15049.34045073139,'1',39570.0,now(),now()),
('d41cf279-820d-4f82-b41c-923cc6d52f49'::uuid,'754d6896-5689-43d6-9b83-e04198111f72'::uuid,9642.21505851583,'9',47597.0,now(),now()),
('6d8bab58-17b6-4aee-b725-2103f161ee92'::uuid,'6a1dfa74-2659-4924-8fbe-dbe1f5b91497'::uuid,77657.34719657377,'5',52958.0,now(),now()),
('6936ba5a-8513-497b-9724-06a1822923f3'::uuid,'18d60766-7d68-40f9-9c56-4c2b8a5d928a'::uuid,24470.536219301404,'9',31731.0,now(),now()),
('414ec030-32b3-4171-8909-fbab296f6f9a'::uuid,'0894c34d-48df-4593-b535-8bd6d96968da'::uuid,48562.896701825535,'3',4743.0,now(),now()),
('0e4d890a-175b-497d-811a-6d9226badfcd'::uuid,'1c49e73f-74e4-497d-b206-8a004a660000'::uuid,91672.458995159,'5',8632.0,now(),now()),
('9a6ab4ce-fb09-40a3-a07f-169c8c731fd4'::uuid,'41e53ddb-2466-41f6-940e-af05b78296e6'::uuid,74632.05484849718,'6',15998.0,now(),now()),
('4d38e0ee-1abe-4e45-8a53-dea7b88f0cde'::uuid,'34af46d9-498d-4719-956a-23563d817908'::uuid,89008.92891839577,'9',84403.0,now(),now()),
('7d37515c-4675-4e14-aae6-60a129ee1e36'::uuid,'1570379f-09b9-4989-a121-fb91c8890766'::uuid,83774.05618439945,'3',71001.0,now(),now()),
('853d9042-d58f-4858-8903-efb06de9b83a'::uuid,'1511268a-c837-4bb3-93f5-206b262f4359'::uuid,26148.65153153525,'2',68658.0,now(),now()),
('2987b543-4c6c-410b-821a-0116f58e581c'::uuid,'fafd5989-80a0-4f62-89ff-d21ba67c29cf'::uuid,3758.7411981954147,'1',31323.0,now(),now()),
('859624fd-899d-4e06-8b87-9239baa4eb0b'::uuid,'e185d688-d02c-49fe-bfe0-c2976c17d125'::uuid,91201.39907955997,'5',55611.0,now(),now()),
('9ef03ef5-d45a-4b39-a13e-9af360696d83'::uuid,'346131fc-8732-4949-b73a-5f69fd5d1660'::uuid,17666.36917810119,'2',55846.0,now(),now()),
('18a2b596-a005-48b1-b9ad-378987e04c99'::uuid,'fc24586e-e8ae-4bce-bf67-3e0664744413'::uuid,8077.896460119185,'5',8880.0,now(),now()),
('3a079ccd-a747-4003-973d-8b151c3b84bb'::uuid,'dbde3c72-6616-4037-b49a-3d0a00ea2511'::uuid,88647.83216693072,'2',89706.0,now(),now()),
('276e36d5-9802-4ac4-8f08-d214f4601d16'::uuid,'41e1b9c0-a6b2-4081-b602-0279e07637f5'::uuid,78233.18889752198,'5',70090.0,now(),now()),
('8c20c4ab-bc42-44a9-b7a3-45ae156ce3b9'::uuid,'8088c88c-aa02-410b-a339-7313a9896ef4'::uuid,30532.580682429812,'0',83.0,now(),now()),
('dd697366-a9ce-42b0-b27c-a4f9a9f3377b'::uuid,'403436db-692c-48fa-8caf-dd82673f80f9'::uuid,18081.24146258609,'9',40344.0,now(),now()),
('96e94f09-6c83-48e2-8ce1-f0643e9e02c3'::uuid,'df8fa042-d3b6-4c7d-abc8-3fb50adeab2e'::uuid,30838.982028094804,'3',4854.0,now(),now()),
('44076630-4c07-4b32-84da-3d55a1b061f7'::uuid,'3af03855-36fa-48f3-a9d5-be73735b4c81'::uuid,93559.49321666276,'9',15764.0,now(),now()),
('2740ff82-10c4-4aa9-ad2a-ecc12753d8e7'::uuid,'31fd99a2-b34d-4b04-87b2-db83765310dd'::uuid,97661.36717592119,'5',61282.0,now(),now()),
('5810da61-51d8-4536-b288-d1041efa8d9a'::uuid,'f4635fdd-c29a-4907-b001-b4ed0767e073'::uuid,96582.1864144079,'3',93569.0,now(),now()),
('e287ae52-fc13-4d7a-a064-d4b46baf0ecf'::uuid,'6aab0103-dc57-4cb5-8639-f6d79e137be0'::uuid,61253.68235877743,'6',56263.0,now(),now()),
('8b74fd94-4bf7-4ce9-8a2c-6d942962842c'::uuid,'d2bc4843-1ad1-4657-b9b3-475cf73c4cf1'::uuid,80958.51385611997,'7',3518.0,now(),now()),
('52ad77bc-2c77-480c-b700-b712e7547891'::uuid,'3caac99c-74dd-4c75-80a1-590474800286'::uuid,14646.446666349397,'6',67066.0,now(),now());
--
------------------------ END STOCK ------------------------
--
--
------------------------ ORDERS ------------------------
--
INSERT INTO public.orders (id,"date",value,payment_type,delivery_point_id,user_id,created_at,updated_at) VALUES
('523e2275-d872-409d-bc72-923a57cb3e11'::uuid,'2021-08-20 14:47:18.913127-03',9590.0,'bank_slip','db176480-5b39-40af-980f-d03e5337dc20'::uuid,'e2ce96e4-ee74-425e-9052-db5b8783e705'::uuid,now(),now()),
('1ff756c4-1f5d-4bca-8010-e163c616aec0'::uuid,'2021-08-20 14:47:18.913127-03',6221.0,'credit_card','0a812912-2a68-4a0b-b3df-7d5daad028e0'::uuid,'20217259-6eff-4ef9-b5fd-c0bc4a3258bf'::uuid,now(),now()),
('d4502bfe-6db6-44c7-8191-079c7f024f22'::uuid,'2021-08-20 14:47:18.913127-03',8923.0,'credit_card','db176480-5b39-40af-980f-d03e5337dc20'::uuid,'e4962e33-53a2-4d15-8485-d696b3053f9f'::uuid,now(),now()),
('5a4a39a2-a703-4756-a261-de540145ac3c'::uuid,'2021-08-20 14:47:18.913127-03',1638.0,'money','40e003be-eb47-4126-b709-97afcfda241b'::uuid,'efb62d36-b6d1-44b6-b10e-3fad79f2ae15'::uuid,now(),now()),
('f8a0ac2e-7b4f-4202-9a21-301fd49e37e5'::uuid,'2021-08-20 14:47:18.913127-03',552.0,'credit_card','bd3309a8-e114-4d43-a8c2-663779c237f6'::uuid,'c815ffae-3d1c-48a8-a36d-1c81dfb6de90'::uuid,now(),now()),
('b9d2fbad-5cd9-4b91-a244-789cad1871ec'::uuid,'2021-08-20 14:47:18.913127-03',7869.0,'credit_card','f924eca8-50ee-48cf-a917-e9c507326f05'::uuid,'1912ffa5-3ce7-4850-a122-7d20ba2a2fd9'::uuid,now(),now()),
('e031f012-a35e-4194-8bcf-751c5391f451'::uuid,'2021-08-20 14:47:18.913127-03',6922.0,'money','1809041d-fbc3-43c6-9ec7-0818f1a95e4d'::uuid,'28053f9b-2d06-4b8d-870c-85881745d5d9'::uuid,now(),now()),
('231c89bc-79ae-47ef-b684-297f96bea738'::uuid,'2021-08-20 14:47:18.913127-03',649.0,'credit_card','fa813f96-df79-438a-b9df-05920ce8bd66'::uuid,'02448af4-f5e9-4b98-867d-602da26a9a92'::uuid,now(),now()),
('f8780c1d-364b-446c-b83d-caf2aa961ac7'::uuid,'2021-08-20 14:47:18.913127-03',9581.0,'pix','de443d76-7258-408d-a0d7-451e7247d01e'::uuid,'91b58c5a-8f48-4a97-94ae-3ff3aab259a9'::uuid,now(),now()),
('ef2783b4-2849-41d4-974a-3d50f1855908'::uuid,'2021-08-20 14:47:18.913127-03',8815.0,'pix','ec63adcf-87cb-4b3d-9e2b-d2da91b38114'::uuid,'f8cd8fe2-3cf4-436e-af1c-a21900116a1b'::uuid,now(),now()),
('0c844a70-14dc-4a44-8453-2bc5b5d7e10e'::uuid,'2021-08-20 14:47:18.913127-03',9808.0,'bank_slip','fa813f96-df79-438a-b9df-05920ce8bd66'::uuid,'1912ffa5-3ce7-4850-a122-7d20ba2a2fd9'::uuid,now(),now()),
('ed5ada99-410e-439e-940e-52cf249eacce'::uuid,'2021-08-20 14:47:18.913127-03',1720.0,'money','ec63adcf-87cb-4b3d-9e2b-d2da91b38114'::uuid,'e7bf5d5d-e055-4876-9301-c1ecd711201c'::uuid,now(),now()),
('859b41ad-bf77-4810-9588-250b4e8bbe0f'::uuid,'2021-08-20 14:47:18.913127-03',1834.0,'credit_card','469a6093-5a68-42fb-9f36-2a7151efe6f4'::uuid,'6865a936-ea09-4bc2-b6f9-346e903963b6'::uuid,now(),now()),
('b1b2ceed-5d4c-4b0c-a2ee-d707c9feb3e7'::uuid,'2021-08-20 14:47:18.913127-03',9629.0,'pix','469a6093-5a68-42fb-9f36-2a7151efe6f4'::uuid,'ba7562d5-ef72-4de9-8a83-b8a705e4f20a'::uuid,now(),now()),
('499a8ac5-3886-4e7e-8063-e20f4cf357d1'::uuid,'2021-08-20 14:47:18.913127-03',5592.0,'pix','f924eca8-50ee-48cf-a917-e9c507326f05'::uuid,'d3eede7d-a951-427c-b80e-990a2e6d1143'::uuid,now(),now()),
('b57377bd-a0a3-42b0-9179-7b1d95434d39'::uuid,'2021-08-20 14:47:18.913127-03',4849.0,'pix','429c0bef-f088-4495-9da8-5c02fa3d9c84'::uuid,'4bebdfd4-e26d-4ba7-b556-5c37c6d9084f'::uuid,now(),now()),
('15c58a41-bf8b-4857-b512-cd896e99182a'::uuid,'2021-08-20 14:47:18.913127-03',9411.0,'pix','036076c7-c27e-43a3-8ea1-b8c2627577e9'::uuid,'020cbf67-12b9-4e71-b036-c3cb53faabed'::uuid,now(),now()),
('b7df65ca-92a1-41be-a1ef-4c6c087161d7'::uuid,'2021-08-20 14:47:18.913127-03',4155.0,'money','bd3309a8-e114-4d43-a8c2-663779c237f6'::uuid,'faf814a1-531a-49cf-a639-85740e629f65'::uuid,now(),now()),
('79e25710-0136-4c83-97a8-329c8db455f2'::uuid,'2021-08-20 14:47:18.913127-03',3928.0,'money','e0bc21f5-3ab3-4b40-966b-6ae4dfe70f9b'::uuid,'d46e4b2d-3970-4bf5-a672-24abafa3693b'::uuid,now(),now()),
('cb04aac3-8644-411a-889b-8d2b39c410c6'::uuid,'2021-08-20 14:47:18.913127-03',4767.0,'bank_slip','4ec0d2d8-114a-4f22-82f4-7a308b18a32c'::uuid,'7f1b7191-9c80-4247-a771-adab49e0c433'::uuid,now(),now()),
('5c2190f4-3e4f-4c7a-9329-e2eca1043c95'::uuid,'2021-08-20 14:47:18.913127-03',2031.0,'credit_card','7d202c62-ed3b-4e95-8188-992b3ba2fd6b'::uuid,'6052ba7f-333b-4915-a8af-809471006e93'::uuid,now(),now()),
('505d0de8-ec06-46cf-b1f7-dd3e541e861d'::uuid,'2021-08-20 14:47:18.913127-03',4969.0,'bank_slip','de443d76-7258-408d-a0d7-451e7247d01e'::uuid,'13c31577-93c3-4e6c-9511-8891277855c6'::uuid,now(),now()),
('1cd578b6-53f8-42a4-a96b-a990a26d5d59'::uuid,'2021-08-20 14:47:18.913127-03',5057.0,'money','429c0bef-f088-4495-9da8-5c02fa3d9c84'::uuid,'54855c85-2c32-40ce-be77-6342f05dbfcf'::uuid,now(),now()),
('ba40e35e-8457-41d4-9ca4-df871e261a3d'::uuid,'2021-08-20 14:47:18.913127-03',6844.0,'pix','aad45b0c-023c-4551-ba82-67642505fcae'::uuid,'54855c85-2c32-40ce-be77-6342f05dbfcf'::uuid,now(),now()),
('07caf0a0-0d86-41f7-a1cf-da433d214d13'::uuid,'2021-08-20 14:47:18.913127-03',7696.0,'money','6fe1f419-faaf-4ef5-a228-ce03456678db'::uuid,'f062c4e5-3fe5-4ba3-b24d-c9ddc7b1d074'::uuid,now(),now()),
('27bb2c04-a3a4-49d4-8bd0-de333d0294ff'::uuid,'2021-08-20 14:47:18.913127-03',5944.0,'money','af3248e3-0b9a-4af5-85c0-df0ce60d8b50'::uuid,'4240580a-4b69-47a3-bac5-6184c56e862e'::uuid,now(),now()),
('4cf5fd6a-46d0-47ed-b947-0010fe61bf9c'::uuid,'2021-08-20 14:47:18.913127-03',507.0,'bank_slip','f924eca8-50ee-48cf-a917-e9c507326f05'::uuid,'cddbb6f5-2a3b-4aa3-8141-21328cdce9d4'::uuid,now(),now()),
('eda9fc6b-b6a8-49d1-b851-e48aa5c16dbb'::uuid,'2021-08-20 14:47:18.913127-03',9224.0,'money','72eb03a4-973c-4cf2-af52-f9d0657800f7'::uuid,'ecf11b7d-5cc1-49b2-b653-988b583fbc09'::uuid,now(),now()),
('ebc04ba3-c86a-4199-85b9-d7777bfef12a'::uuid,'2021-08-20 14:47:18.913127-03',4735.0,'pix','af3248e3-0b9a-4af5-85c0-df0ce60d8b50'::uuid,'d46e4b2d-3970-4bf5-a672-24abafa3693b'::uuid,now(),now()),
('d9e49379-b518-4255-b80e-eef015565b5d'::uuid,'2021-08-20 14:47:18.913127-03',2523.0,'bank_slip','bd3309a8-e114-4d43-a8c2-663779c237f6'::uuid,'95d2150b-c1de-4e76-a9fe-9019c6f6a07b'::uuid,now(),now()),
('99acce85-3a81-4fee-8471-02695c07429b'::uuid,'2021-08-20 14:47:18.913127-03',3233.0,'money','8b27a720-f976-4172-b443-9dee78212cb6'::uuid,'e3ad273c-70e3-462b-af56-93eb046f4f0d'::uuid,now(),now()),
('bdefd530-b11a-45d3-8475-5403c34317ba'::uuid,'2021-08-20 14:47:18.913127-03',6455.0,'pix','38eb355f-50ca-4d3e-ab91-34bbb0d14cd6'::uuid,'8a1da9bd-cda3-47e0-a41b-b06bbaff6bb9'::uuid,now(),now()),
('b6ef3c2a-9cdf-4748-9805-4ebda38de5ac'::uuid,'2021-08-20 14:47:18.913127-03',2147.0,'bank_slip','7d202c62-ed3b-4e95-8188-992b3ba2fd6b'::uuid,'91b58c5a-8f48-4a97-94ae-3ff3aab259a9'::uuid,now(),now()),
('7cf4b83d-6a3d-47ac-b126-dc2bec4a5263'::uuid,'2021-08-20 14:47:18.913127-03',2619.0,'pix','e0bc21f5-3ab3-4b40-966b-6ae4dfe70f9b'::uuid,'efb62d36-b6d1-44b6-b10e-3fad79f2ae15'::uuid,now(),now()),
('cb6ccbd8-a939-4d09-8e82-b9815e481d17'::uuid,'2021-08-20 14:47:18.913127-03',2702.0,'bank_slip','8b27a720-f976-4172-b443-9dee78212cb6'::uuid,'5b116350-a683-4911-b662-60a75a1c773f'::uuid,now(),now()),
('5bb28f67-a533-4e17-891e-b72d3b4e3196'::uuid,'2021-08-20 14:47:18.913127-03',5742.0,'bank_slip','af3248e3-0b9a-4af5-85c0-df0ce60d8b50'::uuid,'86dd73a3-a23f-46e7-9554-9d4e01d63816'::uuid,now(),now()),
('7dd63773-9a89-494d-a70d-1d15ffa7bb07'::uuid,'2021-08-20 14:47:18.913127-03',5424.0,'bank_slip','e0bc21f5-3ab3-4b40-966b-6ae4dfe70f9b'::uuid,'020cbf67-12b9-4e71-b036-c3cb53faabed'::uuid,now(),now()),
('f5ac04a8-4a09-4d94-8257-537d0ec2137d'::uuid,'2021-08-20 14:47:18.913127-03',1468.0,'pix','7d202c62-ed3b-4e95-8188-992b3ba2fd6b'::uuid,'75a5ceea-1fb9-4b13-aab1-6749631d5d3f'::uuid,now(),now()),
('2e8b43b7-83d7-4406-8df4-be2e43b56986'::uuid,'2021-08-20 14:47:18.913127-03',8860.0,'bank_slip','f924eca8-50ee-48cf-a917-e9c507326f05'::uuid,'bbabf80d-44d9-4155-9950-aab0b3467c38'::uuid,now(),now()),
('aca35d37-b3a7-4da5-b275-8ab9e5d2941f'::uuid,'2021-08-20 14:47:18.913127-03',1829.0,'credit_card','429c0bef-f088-4495-9da8-5c02fa3d9c84'::uuid,'9f3c1896-9b33-4f01-ad62-e7ce7b718e92'::uuid,now(),now()),
('6080cd65-1d6b-4ec3-968b-87b7d8f2eaec'::uuid,'2021-08-20 14:47:18.913127-03',4477.0,'money','6fe1f419-faaf-4ef5-a228-ce03456678db'::uuid,'91b58c5a-8f48-4a97-94ae-3ff3aab259a9'::uuid,now(),now()),
('cce1cf0b-0a8a-47ea-bef2-b1d471695347'::uuid,'2021-08-20 14:47:18.913127-03',631.0,'pix','40e003be-eb47-4126-b709-97afcfda241b'::uuid,'a4f4b05d-3b27-42e7-8c82-f673ecd82000'::uuid,now(),now()),
('d5b1c7e2-3cd8-4153-9b90-2153a3cb5d68'::uuid,'2021-08-20 14:47:18.913127-03',9251.0,'money','8b27a720-f976-4172-b443-9dee78212cb6'::uuid,'8ea3b9ef-326a-4dde-9f49-5e8dd988ccf4'::uuid,now(),now()),
('726e768c-56dd-4fbd-ad54-0cfc5d7aff7f'::uuid,'2021-08-20 14:47:18.913127-03',1383.0,'money','0a812912-2a68-4a0b-b3df-7d5daad028e0'::uuid,'6082a9d5-95ca-4a00-98ce-899661eeaa78'::uuid,now(),now()),
('5fd2366f-169e-4013-be99-52dbbc768769'::uuid,'2021-08-20 14:47:18.913127-03',8623.0,'money','6fe1f419-faaf-4ef5-a228-ce03456678db'::uuid,'b645a378-94db-480f-867d-69516c153adf'::uuid,now(),now()),
('278a1fbc-35c9-4e68-9139-68fba3812ed2'::uuid,'2021-08-20 14:47:18.913127-03',1710.0,'credit_card','f924eca8-50ee-48cf-a917-e9c507326f05'::uuid,'213f270f-fd4b-4ea2-a31c-ac35dc5c75bb'::uuid,now(),now()),
('f0098ffc-d8e7-436c-8050-4cf06e0f0352'::uuid,'2021-08-20 14:47:18.913127-03',7971.0,'credit_card','792b0969-a91c-467c-9ab6-f8557bb8f91b'::uuid,'5bcbd191-3fa3-4653-8c86-2962c82ee039'::uuid,now(),now()),
('c00d4e64-4f54-45e7-96ec-4e236a893cf9'::uuid,'2021-08-20 14:47:18.913127-03',9657.0,'money','7d202c62-ed3b-4e95-8188-992b3ba2fd6b'::uuid,'2ff2b630-21f6-44fe-b753-1da70ee58f65'::uuid,now(),now()),
('fc8282ba-bed3-4766-a655-9dd55204e486'::uuid,'2021-08-20 14:47:18.913127-03',3997.0,'bank_slip','bd3309a8-e114-4d43-a8c2-663779c237f6'::uuid,'02448af4-f5e9-4b98-867d-602da26a9a92'::uuid,now(),now()),
('a291fe02-0196-43cb-bbd0-906f191c5caa'::uuid,'2021-08-20 14:47:18.913127-03',2726.0,'credit_card','6d05fca3-fb7c-45ef-b45d-75d8784a8791'::uuid,'b5077ea9-7dab-4c30-b63d-a10c67498fb3'::uuid,now(),now()),
('2cf14a41-8059-40b4-8d34-bafb8638474a'::uuid,'2021-08-20 14:47:18.913127-03',3966.0,'credit_card','38eb355f-50ca-4d3e-ab91-34bbb0d14cd6'::uuid,'02448af4-f5e9-4b98-867d-602da26a9a92'::uuid,now(),now()),
('92e681e3-0c8d-40b4-9435-73110cd1e8d1'::uuid,'2021-08-20 14:47:18.913127-03',8531.0,'money','6fe1f419-faaf-4ef5-a228-ce03456678db'::uuid,'e6d69d2a-a651-43cc-9976-d6742cd72294'::uuid,now(),now()),
('1088ae22-4ee4-450d-ad31-251cdd2c9dbe'::uuid,'2021-08-20 14:47:18.913127-03',5608.0,'bank_slip','f924eca8-50ee-48cf-a917-e9c507326f05'::uuid,'b1b4b8fb-97c3-40e7-bc29-fcbca4e53cbd'::uuid,now(),now()),
('cf78a069-deb9-4601-b6ee-f0e87ff2a288'::uuid,'2021-08-20 14:47:18.913127-03',8468.0,'pix','469a6093-5a68-42fb-9f36-2a7151efe6f4'::uuid,'62d23378-7ea2-4119-8f6e-8c378c18d209'::uuid,now(),now()),
('44ab15e8-9307-4729-b610-67b75eac43fc'::uuid,'2021-08-20 14:47:18.913127-03',6116.0,'money','fa813f96-df79-438a-b9df-05920ce8bd66'::uuid,'f8cd8fe2-3cf4-436e-af1c-a21900116a1b'::uuid,now(),now()),
('4f650925-1c41-4a9e-b094-d4888ec0479c'::uuid,'2021-08-20 14:47:18.913127-03',4971.0,'pix','469a6093-5a68-42fb-9f36-2a7151efe6f4'::uuid,'a701f88f-70a3-4f13-b350-bade3761ea12'::uuid,now(),now()),
('5ad0d902-1d1f-49a4-88db-836d46c5c0fa'::uuid,'2021-08-20 14:47:18.913127-03',8134.0,'credit_card','6fe1f419-faaf-4ef5-a228-ce03456678db'::uuid,'38bcd9a5-8b72-45a1-9ec1-942601eb375b'::uuid,now(),now()),
('4c822097-1401-4232-8acd-ad07746c6f1a'::uuid,'2021-08-20 14:47:18.913127-03',2015.0,'money','792b0969-a91c-467c-9ab6-f8557bb8f91b'::uuid,'6396334a-1521-43a5-8de4-a31febb9c9a7'::uuid,now(),now()),
('579d64d6-39ab-4a38-8703-0d0db332b964'::uuid,'2021-08-20 14:47:18.913127-03',4361.0,'bank_slip','ec63adcf-87cb-4b3d-9e2b-d2da91b38114'::uuid,'213f270f-fd4b-4ea2-a31c-ac35dc5c75bb'::uuid,now(),now()),
('6d046130-51a4-4ed9-b404-8aae79677e5d'::uuid,'2021-08-20 14:47:18.913127-03',3263.0,'credit_card','aad45b0c-023c-4551-ba82-67642505fcae'::uuid,'4acf048d-ea18-43af-9552-a3dc5fc63658'::uuid,now(),now()),
('0fc2ff64-59e2-4942-9f37-3a94be046870'::uuid,'2021-08-20 14:47:18.913127-03',2931.0,'pix','4ec0d2d8-114a-4f22-82f4-7a308b18a32c'::uuid,'25285473-2d1e-4220-be25-232d79c3fd0f'::uuid,now(),now()),
('f98738d5-df1c-4ecd-b511-0ddef3dc3603'::uuid,'2021-08-20 14:47:18.913127-03',7501.0,'bank_slip','8b27a720-f976-4172-b443-9dee78212cb6'::uuid,'98c13ee6-5143-4baa-b0a9-e30ff3c310fa'::uuid,now(),now()),
('98a28fac-58eb-4bde-b20c-4dc60f567a93'::uuid,'2021-08-20 14:47:18.913127-03',8566.0,'money','58a7dc99-6bac-428d-b799-73c8a6212158'::uuid,'438ce7f2-3148-4d78-9a83-dc2dbd6b3933'::uuid,now(),now()),
('6e59bad8-c26d-4b92-8f47-1f254db830a2'::uuid,'2021-08-20 14:47:18.913127-03',3782.0,'bank_slip','ec63adcf-87cb-4b3d-9e2b-d2da91b38114'::uuid,'28053f9b-2d06-4b8d-870c-85881745d5d9'::uuid,now(),now()),
('f5a2f288-59d3-44a8-9233-aeebed47d641'::uuid,'2021-08-20 14:47:18.913127-03',3125.0,'pix','036076c7-c27e-43a3-8ea1-b8c2627577e9'::uuid,'8a1da9bd-cda3-47e0-a41b-b06bbaff6bb9'::uuid,now(),now()),
('015f1dee-bb55-430d-9b76-c8ad9e16c5f6'::uuid,'2021-08-20 14:47:18.913127-03',6054.0,'credit_card','fa813f96-df79-438a-b9df-05920ce8bd66'::uuid,'6e2e8d11-5a87-42c7-8b38-ab176d2d0480'::uuid,now(),now()),
('f2f6e29b-a0ac-4eb1-8665-8dfa928bf3c9'::uuid,'2021-08-20 14:47:18.913127-03',3126.0,'bank_slip','72eb03a4-973c-4cf2-af52-f9d0657800f7'::uuid,'e6074753-9a5d-434b-8fdc-9789e72226fc'::uuid,now(),now()),
('cce5fa56-7488-40bc-be06-6bda991e4bb0'::uuid,'2021-08-20 14:47:18.913127-03',9938.0,'credit_card','792b0969-a91c-467c-9ab6-f8557bb8f91b'::uuid,'1369a229-1e91-4c28-a8e4-e42cba53697c'::uuid,now(),now()),
('e2e96036-a046-4fc1-8e60-6004ccf48a10'::uuid,'2021-08-20 14:47:18.913127-03',1977.0,'pix','bd3309a8-e114-4d43-a8c2-663779c237f6'::uuid,'93c4427c-fc5c-423a-9c88-412b815adb56'::uuid,now(),now()),
('bcfc937c-2511-43d2-a0a7-1e84165263bc'::uuid,'2021-08-20 14:47:18.913127-03',1240.0,'bank_slip','469a6093-5a68-42fb-9f36-2a7151efe6f4'::uuid,'b00902c4-d5ff-45ae-b6fd-984cc1c1c784'::uuid,now(),now()),
('0821ba66-8963-4130-8b8a-3a97af8eea0d'::uuid,'2021-08-20 14:47:18.913127-03',9759.0,'credit_card','40e003be-eb47-4126-b709-97afcfda241b'::uuid,'b1b87e5b-fb00-44f6-96bc-775e450aba98'::uuid,now(),now()),
('8be2073b-2786-404e-bea7-13097f455048'::uuid,'2021-08-20 14:47:18.913127-03',8292.0,'bank_slip','40e003be-eb47-4126-b709-97afcfda241b'::uuid,'1a3e939f-3be1-4c5c-819a-8453f1ee0c20'::uuid,now(),now()),
('2751ee86-dc8e-4295-a782-c79a8c4813af'::uuid,'2021-08-20 14:47:18.913127-03',1149.0,'money','af3248e3-0b9a-4af5-85c0-df0ce60d8b50'::uuid,'9401118f-cae3-439b-82eb-7a2c46006ec3'::uuid,now(),now()),
('31210bc6-161c-43bb-889f-3ecba3dae287'::uuid,'2021-08-20 14:47:18.913127-03',702.0,'bank_slip','72eb03a4-973c-4cf2-af52-f9d0657800f7'::uuid,'6e2e8d11-5a87-42c7-8b38-ab176d2d0480'::uuid,now(),now()),
('e25e803c-d388-4703-b9a4-bcb3f9792e2e'::uuid,'2021-08-20 14:47:18.913127-03',6735.0,'credit_card','58a7dc99-6bac-428d-b799-73c8a6212158'::uuid,'953502f1-3e8f-484d-aab5-113f96d17866'::uuid,now(),now()),
('ebb3a493-1191-43cb-9b2b-580e76e99464'::uuid,'2021-08-20 14:47:18.913127-03',3229.0,'bank_slip','ec63adcf-87cb-4b3d-9e2b-d2da91b38114'::uuid,'01dbd514-6c60-44d8-8319-e23f09035608'::uuid,now(),now()),
('46868ef5-0246-4d37-b6d8-3386d2a5e45d'::uuid,'2021-08-20 14:47:18.913127-03',838.0,'money','fa813f96-df79-438a-b9df-05920ce8bd66'::uuid,'7230fa87-a85c-4559-9dcb-a1867a4ad5ef'::uuid,now(),now()),
('9ad375ca-f369-45af-aead-9958dfb00fcd'::uuid,'2021-08-20 14:47:18.913127-03',6056.0,'money','6d05fca3-fb7c-45ef-b45d-75d8784a8791'::uuid,'38bcd9a5-8b72-45a1-9ec1-942601eb375b'::uuid,now(),now()),
('5b1a894e-b6f6-4006-98f3-5da5cf83fdfe'::uuid,'2021-08-20 14:47:18.913127-03',6242.0,'bank_slip','db176480-5b39-40af-980f-d03e5337dc20'::uuid,'c5f23fdb-f394-4911-b0f1-1a1a389db41f'::uuid,now(),now()),
('a296a2b1-a20a-418e-b018-dae572b29e0e'::uuid,'2021-08-20 14:47:18.913127-03',9449.0,'money','7d202c62-ed3b-4e95-8188-992b3ba2fd6b'::uuid,'e6074753-9a5d-434b-8fdc-9789e72226fc'::uuid,now(),now()),
('11874611-2511-45e5-90aa-95aa77f9fcaa'::uuid,'2021-08-20 14:47:18.913127-03',7621.0,'credit_card','bd3309a8-e114-4d43-a8c2-663779c237f6'::uuid,'e6d69d2a-a651-43cc-9976-d6742cd72294'::uuid,now(),now()),
('8fe92191-c910-4945-805f-ae6b999cf8e6'::uuid,'2021-08-20 14:47:18.913127-03',998.0,'money','8b27a720-f976-4172-b443-9dee78212cb6'::uuid,'b52244a9-a44d-42ef-8acb-4c9fe652c8a3'::uuid,now(),now()),
('b3a930fd-3615-4145-b988-f897ac250e87'::uuid,'2021-08-20 14:47:18.913127-03',4900.0,'money','1809041d-fbc3-43c6-9ec7-0818f1a95e4d'::uuid,'e2ce96e4-ee74-425e-9052-db5b8783e705'::uuid,now(),now()),
('f7ec7924-4992-4555-a030-6d424cf08411'::uuid,'2021-08-20 14:47:18.913127-03',2883.0,'credit_card','469a6093-5a68-42fb-9f36-2a7151efe6f4'::uuid,'918d2785-e874-44b4-9112-2e8e1187092f'::uuid,now(),now()),
('0692724e-e6f0-40d5-8c9d-94cfa5fbcd78'::uuid,'2021-08-20 14:47:18.913127-03',4238.0,'pix','469a6093-5a68-42fb-9f36-2a7151efe6f4'::uuid,'e7e7134b-5ecd-4a73-bc4a-ec9dc241c699'::uuid,now(),now()),
('2d235f7e-b55e-4695-a2d4-a71b63da5153'::uuid,'2021-08-20 14:47:18.913127-03',5931.0,'credit_card','58a7dc99-6bac-428d-b799-73c8a6212158'::uuid,'e2d07323-5027-478d-a9de-83552573aee0'::uuid,now(),now()),
('b7217389-bd11-4f86-b2b7-d5f78421d128'::uuid,'2021-08-20 14:47:18.913127-03',9344.0,'bank_slip','40e003be-eb47-4126-b709-97afcfda241b'::uuid,'b00902c4-d5ff-45ae-b6fd-984cc1c1c784'::uuid,now(),now()),
('a9e51bdb-b8cf-46ba-acfd-63355914d5ee'::uuid,'2021-08-20 14:47:18.913127-03',4083.0,'credit_card','db176480-5b39-40af-980f-d03e5337dc20'::uuid,'9667d8c7-abff-4de9-b186-4310445ceabb'::uuid,now(),now()),
('6f589260-acc8-44c9-aece-b0f0a96893f8'::uuid,'2021-08-20 14:47:18.913127-03',8426.0,'bank_slip','de443d76-7258-408d-a0d7-451e7247d01e'::uuid,'efb62d36-b6d1-44b6-b10e-3fad79f2ae15'::uuid,now(),now()),
('9da95b80-18f4-4cad-a30d-d710e6cadb9e'::uuid,'2021-08-20 14:47:18.913127-03',3809.0,'pix','f924eca8-50ee-48cf-a917-e9c507326f05'::uuid,'eb168b6f-f87d-4d86-b6a5-8aa60d4ebc4d'::uuid,now(),now()),
('fabe613f-dbca-4c02-ad25-129c6f09e25a'::uuid,'2021-08-20 14:47:18.913127-03',8660.0,'credit_card','1809041d-fbc3-43c6-9ec7-0818f1a95e4d'::uuid,'f8cd8fe2-3cf4-436e-af1c-a21900116a1b'::uuid,now(),now()),
('4a51aba9-6c5e-4df1-be41-89322df82865'::uuid,'2021-08-20 14:47:18.913127-03',4919.0,'pix','036076c7-c27e-43a3-8ea1-b8c2627577e9'::uuid,'e053ec74-9e6d-4abb-9726-d1fa1cc18ec7'::uuid,now(),now()),
('c823a68d-fceb-4196-8e6e-8e7b39afc2fe'::uuid,'2021-08-20 14:47:18.913127-03',8253.0,'bank_slip','469a6093-5a68-42fb-9f36-2a7151efe6f4'::uuid,'1f55f6f3-027c-4fbe-9a87-0474f10f292f'::uuid,now(),now()),
('67f2e2fd-5796-485b-9d60-997652adbb7c'::uuid,'2021-08-20 14:47:18.913127-03',9772.0,'bank_slip','036076c7-c27e-43a3-8ea1-b8c2627577e9'::uuid,'95d2150b-c1de-4e76-a9fe-9019c6f6a07b'::uuid,now(),now()),
('f9d5b065-9f79-415e-a0d3-4954be04752d'::uuid,'2021-08-20 14:47:18.913127-03',5345.0,'bank_slip','6d05fca3-fb7c-45ef-b45d-75d8784a8791'::uuid,'d3eede7d-a951-427c-b80e-990a2e6d1143'::uuid,now(),now()),
('437243e9-9517-4c6e-8892-d1380cace5b9'::uuid,'2021-08-20 14:47:18.913127-03',2874.0,'money','58a7dc99-6bac-428d-b799-73c8a6212158'::uuid,'900a4d77-2ff0-4130-bdce-ec6a1eac09b7'::uuid,now(),now()),
('8012602d-a4a6-49b5-884f-8bc11c0bcba1'::uuid,'2021-08-20 14:47:18.913127-03',825.0,'credit_card','4ec0d2d8-114a-4f22-82f4-7a308b18a32c'::uuid,'b5077ea9-7dab-4c30-b63d-a10c67498fb3'::uuid,now(),now()),
('957f0f7e-20f7-430f-852e-772255352318'::uuid,'2021-08-20 14:47:18.913127-03',8501.0,'pix','af3248e3-0b9a-4af5-85c0-df0ce60d8b50'::uuid,'eb168b6f-f87d-4d86-b6a5-8aa60d4ebc4d'::uuid,now(),now()),
('51314181-76ea-4703-b6e4-73d987b411d9'::uuid,'2021-08-20 14:47:18.913127-03',9818.0,'credit_card','4ec0d2d8-114a-4f22-82f4-7a308b18a32c'::uuid,'ebce71e9-a01b-4113-bf12-59eed03c1eaa'::uuid,now(),now()),
('d3440e1e-132c-44dc-a4ab-31a5193c893e'::uuid,'2021-08-20 14:47:18.913127-03',1053.0,'pix','8b27a720-f976-4172-b443-9dee78212cb6'::uuid,'5db784d7-1566-492e-8d63-76a76acf3938'::uuid,now(),now());
--
------------------------ END ORDERS ------------------------
--
--
------------------------ ORDER DETAILS ------------------------
--
INSERT INTO public.order_details (id,order_id,product_id,unit_price,quantity,discount,created_at,updated_at) VALUES
('afdd2091-cbcd-4c26-9a94-9f206d168c03'::uuid,'b3a930fd-3615-4145-b988-f897ac250e87'::uuid,'e36f0514-177a-4137-87e6-aa46fdbefc4f'::uuid,92316.61948481882,20.0,5.0,now(),now()),
('258a9361-a3b2-47a4-adc8-273646d9df42'::uuid,'31210bc6-161c-43bb-889f-3ecba3dae287'::uuid,'bbe20c30-6633-4b62-ae48-314ae8b8ce82'::uuid,67423.73665044038,37.0,3.0,now(),now()),
('4c196bc6-e8cd-4b20-84e2-7f8bb0c7c41a'::uuid,'cb6ccbd8-a939-4d09-8e82-b9815e481d17'::uuid,'fd4f4673-5343-410f-8cd8-ca657c3424a9'::uuid,60301.756325926086,39.0,1.0,now(),now()),
('ece00572-ec0a-40e5-a583-f0f8851f2f03'::uuid,'7cf4b83d-6a3d-47ac-b126-dc2bec4a5263'::uuid,'eb73efe2-f021-43eb-b525-f05eff6cd0e3'::uuid,14258.274572300192,21.0,5.0,now(),now()),
('57aa1485-68e7-4bf0-a625-8561190f7337'::uuid,'6d046130-51a4-4ed9-b404-8aae79677e5d'::uuid,'823ff2f5-01a2-416e-ab57-6851b23c1143'::uuid,65207.16257306488,13.0,1.0,now(),now()),
('375b8e91-1228-4269-8c59-21d365b8ce7e'::uuid,'5fd2366f-169e-4013-be99-52dbbc768769'::uuid,'94523ed3-8a40-47ba-bac8-f147d5323387'::uuid,76209.9836206856,14.0,5.0,now(),now()),
('74220c58-9ec1-4736-8370-1b0a18fd71e4'::uuid,'e2e96036-a046-4fc1-8e60-6004ccf48a10'::uuid,'b3010436-71af-4ee0-926d-a1786e327e41'::uuid,60399.48844230488,9.0,2.0,now(),now()),
('c7c8a66e-7f49-4999-9c87-e2bc55595ba3'::uuid,'07caf0a0-0d86-41f7-a1cf-da433d214d13'::uuid,'3d7a6d67-5637-4c74-938d-b6cbd1319ad7'::uuid,81697.18029388553,4.0,9.0,now(),now()),
('514b5221-5a5d-4a5f-85c9-9f13f1055bab'::uuid,'f8a0ac2e-7b4f-4202-9a21-301fd49e37e5'::uuid,'94b35081-6661-4f61-8437-8775d04b40d6'::uuid,9642.044974538123,35.0,2.0,now(),now()),
('dfaeb07b-4cd9-4746-abc8-07afe3318b37'::uuid,'0c844a70-14dc-4a44-8453-2bc5b5d7e10e'::uuid,'e20e43da-7a2d-4b70-8928-351b2921f8cb'::uuid,51444.90496458385,23.0,8.0,now(),now()),
('1ab009b0-c2c0-4b0e-bb8f-143fdd6e2839'::uuid,'cce5fa56-7488-40bc-be06-6bda991e4bb0'::uuid,'6ca3b9b4-12b1-4574-a3f2-4ec2b0e0ad86'::uuid,44442.4980115009,49.0,5.0,now(),now()),
('8914f27e-faaa-4eb0-916e-384a8e125ee2'::uuid,'c823a68d-fceb-4196-8e6e-8e7b39afc2fe'::uuid,'1ee10ddd-39f6-46dc-aedb-0539dd8d089f'::uuid,71260.53931963375,7.0,7.0,now(),now()),
('85f1a663-d865-4c77-8796-f6f26f8e29d1'::uuid,'e031f012-a35e-4194-8bcf-751c5391f451'::uuid,'fc4f3158-a2c6-4d8d-9ea4-4b596714e61b'::uuid,8366.884424711267,40.0,3.0,now(),now()),
('28eea9a6-f6a6-4a60-8415-706bce33882c'::uuid,'ebb3a493-1191-43cb-9b2b-580e76e99464'::uuid,'3caac99c-74dd-4c75-80a1-590474800286'::uuid,14646.446666349397,42.0,8.0,now(),now()),
('90f5053e-c837-4100-85ee-0767e1f7c947'::uuid,'9ad375ca-f369-45af-aead-9958dfb00fcd'::uuid,'00c71e32-f7b6-49d8-9930-325584d2b73c'::uuid,10461.167068685354,49.0,5.0,now(),now()),
('1c27d166-3a22-4dce-83ae-0d0bfc6e2355'::uuid,'cb6ccbd8-a939-4d09-8e82-b9815e481d17'::uuid,'4a48b8c1-257f-4ef4-8b54-987765ceef7d'::uuid,93493.91920086235,49.0,10.0,now(),now()),
('b6a76cbe-3aa4-4b66-b824-10dfcf9a4e19'::uuid,'f8a0ac2e-7b4f-4202-9a21-301fd49e37e5'::uuid,'dbde3c72-6616-4037-b49a-3d0a00ea2511'::uuid,88647.83216693072,33.0,8.0,now(),now()),
('e839ddf0-6686-4054-9594-e7da3e778317'::uuid,'b1b2ceed-5d4c-4b0c-a2ee-d707c9feb3e7'::uuid,'86e090a6-0e31-4ad7-8572-44dce322ed7e'::uuid,36966.644262802765,32.0,10.0,now(),now()),
('a85dd0d5-1546-4cd7-b7c5-cdf97f542f23'::uuid,'5b1a894e-b6f6-4006-98f3-5da5cf83fdfe'::uuid,'70ee995c-067f-4631-be1f-100e15114c72'::uuid,60866.95616616545,7.0,2.0,now(),now()),
('92a16f32-1e4e-4c78-8b63-a7aa0f953d20'::uuid,'579d64d6-39ab-4a38-8703-0d0db332b964'::uuid,'205a255e-6048-465a-bab5-dec9479572ef'::uuid,82135.40783479149,22.0,0.0,now(),now()),
('aa4c8243-c8b4-4573-95ca-aff210316397'::uuid,'2d235f7e-b55e-4695-a2d4-a71b63da5153'::uuid,'36cedc3e-d4c9-4897-908b-f28f9d401852'::uuid,10033.43966082028,50.0,1.0,now(),now()),
('1b856479-4824-45a9-83d2-b00a322edcb4'::uuid,'cce5fa56-7488-40bc-be06-6bda991e4bb0'::uuid,'d4d21769-1af2-4119-aecc-ffa34d782d51'::uuid,59642.88113811572,13.0,6.0,now(),now()),
('99838c8f-659a-4aae-9c24-7939ca460ed8'::uuid,'437243e9-9517-4c6e-8892-d1380cace5b9'::uuid,'3e78206e-65d3-4ab3-8beb-2a9430901ac0'::uuid,18530.2903811747,20.0,3.0,now(),now()),
('890ea49c-2742-4384-b961-ecfe48aecde7'::uuid,'ebb3a493-1191-43cb-9b2b-580e76e99464'::uuid,'33d8c94e-5cfc-45e8-8cf4-1e611fef49cd'::uuid,7739.140738343047,41.0,3.0,now(),now()),
('f6bd344d-4699-4616-b6bf-87b6ae64e034'::uuid,'5fd2366f-169e-4013-be99-52dbbc768769'::uuid,'d4a972d0-c2e0-4979-8ff0-4f35e5af5af8'::uuid,86170.52117608339,45.0,8.0,now(),now()),
('c4f60c16-c89b-40ac-80b4-20e6be337320'::uuid,'eda9fc6b-b6a8-49d1-b851-e48aa5c16dbb'::uuid,'326d001c-63fd-41f6-9607-7456ff2a7b8d'::uuid,65901.46793797796,31.0,4.0,now(),now()),
('38a8e97b-e6b5-4e21-929b-e9e65f7ca3ed'::uuid,'46868ef5-0246-4d37-b6d8-3386d2a5e45d'::uuid,'5037ccbb-3c40-4c3a-ac70-7f34d0b777f5'::uuid,60942.62955622376,15.0,7.0,now(),now()),
('371ede96-f9e2-4214-80e4-4344baf39e16'::uuid,'44ab15e8-9307-4729-b610-67b75eac43fc'::uuid,'ada43ae5-1981-48cf-91a6-e673f6762712'::uuid,71194.298203927,17.0,5.0,now(),now()),
('db9f7bf2-52d4-4ee0-9031-522bd5b0ee76'::uuid,'cce1cf0b-0a8a-47ea-bef2-b1d471695347'::uuid,'44a7cefe-89ec-4e0e-98f9-c8088a3be269'::uuid,3867.224254358313,45.0,0.0,now(),now()),
('fe7fb1df-f60f-4598-9fea-c9ceeba0949a'::uuid,'b9d2fbad-5cd9-4b91-a244-789cad1871ec'::uuid,'f72102fb-b0d0-4c7c-a2f7-4657ac20f0eb'::uuid,10643.063744861756,9.0,0.0,now(),now()),
('80180a74-a088-4371-9fd6-4dfe6808d20f'::uuid,'c823a68d-fceb-4196-8e6e-8e7b39afc2fe'::uuid,'70a6a7f2-bfdb-46f7-b398-af7bc71b7e91'::uuid,53225.3986631092,39.0,4.0,now(),now()),
('14440fd4-3561-4333-8c41-515ab72875ce'::uuid,'4c822097-1401-4232-8acd-ad07746c6f1a'::uuid,'205a255e-6048-465a-bab5-dec9479572ef'::uuid,82135.40783479149,50.0,0.0,now(),now()),
('56c1d943-343e-47a5-aa51-085ae203d9b1'::uuid,'bdefd530-b11a-45d3-8475-5403c34317ba'::uuid,'e185d688-d02c-49fe-bfe0-c2976c17d125'::uuid,91201.39907955997,2.0,2.0,now(),now()),
('f713cc55-d85a-4d96-a42f-aadddcf10e54'::uuid,'d4502bfe-6db6-44c7-8191-079c7f024f22'::uuid,'1ee10ddd-39f6-46dc-aedb-0539dd8d089f'::uuid,71260.53931963375,44.0,7.0,now(),now()),
('8cb93d42-42cd-4342-9487-3d91110f00da'::uuid,'99acce85-3a81-4fee-8471-02695c07429b'::uuid,'e8dc9419-4d11-4e24-9975-001d9b162c8b'::uuid,35626.577640138894,26.0,4.0,now(),now()),
('b592f58a-0c4a-4a16-8bf9-25ee94779815'::uuid,'b9d2fbad-5cd9-4b91-a244-789cad1871ec'::uuid,'67c3c301-cdb8-4bab-b7bf-b3174b119e2b'::uuid,20434.245774900464,12.0,2.0,now(),now()),
('00501954-c4d4-4c2b-a2f1-6818caae3194'::uuid,'cb04aac3-8644-411a-889b-8d2b39c410c6'::uuid,'b595d625-7d49-42e3-be8e-9ccf06b899e5'::uuid,85880.38791737446,27.0,1.0,now(),now()),
('6658fcae-a956-4cd0-b2b6-983fa4d4d834'::uuid,'11874611-2511-45e5-90aa-95aa77f9fcaa'::uuid,'73843a5b-a776-40f2-a2d1-f8e53929533d'::uuid,63009.73489258317,34.0,5.0,now(),now()),
('6b9eb995-5420-4cf2-93fe-9a37e42e008a'::uuid,'ed5ada99-410e-439e-940e-52cf249eacce'::uuid,'97619be7-bf14-4145-842c-c324b4c640a3'::uuid,67069.88599858228,10.0,6.0,now(),now()),
('cfb29a89-7733-429d-9e0f-8641dcce9dd3'::uuid,'a296a2b1-a20a-418e-b018-dae572b29e0e'::uuid,'7edad3ff-d2a3-4596-84a4-17adf0745658'::uuid,40735.94284801419,49.0,1.0,now(),now()),
('887ffdd5-9037-417e-bb61-5be24bbb8561'::uuid,'e25e803c-d388-4703-b9a4-bcb3f9792e2e'::uuid,'925fd249-39b2-4b3b-a5b3-f8608e1094af'::uuid,80597.72374281147,43.0,4.0,now(),now()),
('edb6968d-e4b8-4637-a2ba-4e09cd5ffc51'::uuid,'5bb28f67-a533-4e17-891e-b72d3b4e3196'::uuid,'c1b385de-055f-45dd-b716-5ec22116a70a'::uuid,48976.38829410577,1.0,6.0,now(),now()),
('9293b425-44db-4144-94da-62b20f9ad0a8'::uuid,'b6ef3c2a-9cdf-4748-9805-4ebda38de5ac'::uuid,'dde953c6-9f17-4601-8e60-7e321df316ae'::uuid,64706.45182334565,10.0,9.0,now(),now()),
('473e02a5-6894-4979-b22d-c79f745e1a8b'::uuid,'cb04aac3-8644-411a-889b-8d2b39c410c6'::uuid,'9b207822-9afe-49be-b947-2afa76243ce8'::uuid,92876.08345320159,32.0,9.0,now(),now()),
('0fd818ea-0cbe-48f1-9cd1-614526d16a06'::uuid,'4cf5fd6a-46d0-47ed-b947-0010fe61bf9c'::uuid,'dd196001-f370-44d3-b1d9-661b6f06d5cb'::uuid,75803.03394177799,20.0,3.0,now(),now()),
('99d165ba-9639-4975-805f-c93bc98a2dd3'::uuid,'b6ef3c2a-9cdf-4748-9805-4ebda38de5ac'::uuid,'96c60d18-d68e-4e48-9235-e8533f34f326'::uuid,7124.220308396682,7.0,5.0,now(),now()),
('8d2bb1e5-1f75-479a-9716-12973e6c1110'::uuid,'bcfc937c-2511-43d2-a0a7-1e84165263bc'::uuid,'fc4f3158-a2c6-4d8d-9ea4-4b596714e61b'::uuid,8366.884424711267,21.0,5.0,now(),now()),
('64c16981-9ee1-42a8-9f63-69302a760f8a'::uuid,'bdefd530-b11a-45d3-8475-5403c34317ba'::uuid,'7fd976c0-a8fd-4643-a36c-cba1ed4444e1'::uuid,15862.588338572083,10.0,5.0,now(),now()),
('268e9b76-e27e-4087-9d4c-296cdd589962'::uuid,'07caf0a0-0d86-41f7-a1cf-da433d214d13'::uuid,'26aa8361-1532-4c8b-b201-d4ab3a2394be'::uuid,19120.934856126012,12.0,9.0,now(),now()),
('20b4af1f-0588-49bb-b6f6-ac93a1b130a8'::uuid,'b1b2ceed-5d4c-4b0c-a2ee-d707c9feb3e7'::uuid,'59d7193a-2a6c-421c-9b33-a92bc1956236'::uuid,98321.13613551679,8.0,8.0,now(),now()),
('ceb0a287-abbc-48e4-9a1b-8606acfc8698'::uuid,'e25e803c-d388-4703-b9a4-bcb3f9792e2e'::uuid,'55b7e905-6dc6-4dc6-9f7c-d628ed5ed610'::uuid,46099.51382362701,34.0,9.0,now(),now()),
('b5546118-e999-44a2-ae63-dee7b68a329f'::uuid,'5bb28f67-a533-4e17-891e-b72d3b4e3196'::uuid,'ebb527db-32e4-4c12-973c-3eb2ba5b6ac2'::uuid,72435.0944371646,46.0,2.0,now(),now()),
('e3527859-481c-49c7-9d88-a686dd60198c'::uuid,'f98738d5-df1c-4ecd-b511-0ddef3dc3603'::uuid,'59d7193a-2a6c-421c-9b33-a92bc1956236'::uuid,98321.13613551679,4.0,3.0,now(),now()),
('973389dc-d222-4450-ab97-1ff0dffb548e'::uuid,'1088ae22-4ee4-450d-ad31-251cdd2c9dbe'::uuid,'88ef6c5f-d85b-4adb-a4ce-8ae2cbd1e16c'::uuid,61908.500902403364,48.0,2.0,now(),now()),
('9e87db6c-b917-44f1-89f1-f800363f84ac'::uuid,'957f0f7e-20f7-430f-852e-772255352318'::uuid,'ebdfcd7f-c8fb-422f-8b9c-3c4a992f84e5'::uuid,39188.05590576267,35.0,0.0,now(),now()),
('65d9d261-fcdf-4461-9e00-e4b8d344e883'::uuid,'98a28fac-58eb-4bde-b20c-4dc60f567a93'::uuid,'f420d5a5-0c7e-4910-8b83-d5196f93a837'::uuid,78471.15873019656,3.0,5.0,now(),now()),
('d7ab2c65-06c2-4723-b420-e9042ad02e2f'::uuid,'51314181-76ea-4703-b6e4-73d987b411d9'::uuid,'b3010436-71af-4ee0-926d-a1786e327e41'::uuid,60399.48844230488,1.0,8.0,now(),now()),
('322cffbc-9fac-4004-b464-09b8fb97085f'::uuid,'505d0de8-ec06-46cf-b1f7-dd3e541e861d'::uuid,'add86218-d645-4da5-beff-1186e0ace28c'::uuid,60157.30113451483,43.0,1.0,now(),now()),
('2ea4736d-ca48-454c-a083-83d301c19a34'::uuid,'f8780c1d-364b-446c-b83d-caf2aa961ac7'::uuid,'e20e43da-7a2d-4b70-8928-351b2921f8cb'::uuid,51444.90496458385,18.0,3.0,now(),now()),
('f7f853ca-c1c9-46bc-bd97-c75f33704ce6'::uuid,'9ad375ca-f369-45af-aead-9958dfb00fcd'::uuid,'7acb094f-6d22-4a1a-b888-d61ff30f6fbc'::uuid,99722.27875378651,24.0,5.0,now(),now()),
('87bf4583-5e86-4fe5-ad49-c6bdc363b0c3'::uuid,'d9e49379-b518-4255-b80e-eef015565b5d'::uuid,'292cef55-bdd9-479b-911c-80d1f4b5b4f6'::uuid,86075.81978147045,39.0,8.0,now(),now()),
('84863180-4c70-4feb-9b60-c788ab9a63af'::uuid,'ed5ada99-410e-439e-940e-52cf249eacce'::uuid,'f1fbfdc9-9ea1-4a41-b727-dafa2d445670'::uuid,50602.23292651122,43.0,8.0,now(),now()),
('8db1a207-9a5d-4eae-8544-b215bb5adb38'::uuid,'46868ef5-0246-4d37-b6d8-3386d2a5e45d'::uuid,'b595d625-7d49-42e3-be8e-9ccf06b899e5'::uuid,85880.38791737446,11.0,2.0,now(),now()),
('d9674c8c-ed51-4e04-8583-97e6137c0972'::uuid,'1ff756c4-1f5d-4bca-8010-e163c616aec0'::uuid,'7edad3ff-d2a3-4596-84a4-17adf0745658'::uuid,40735.94284801419,46.0,2.0,now(),now()),
('ff7b187f-f70a-42b0-9ba0-b1dd28f082fb'::uuid,'a291fe02-0196-43cb-bbd0-906f191c5caa'::uuid,'e799af05-e642-4fd1-af75-8fd8ae8728d2'::uuid,60823.89176678271,45.0,10.0,now(),now()),
('793416ad-d6f4-49b1-b8aa-6d8e0c824aba'::uuid,'b57377bd-a0a3-42b0-9179-7b1d95434d39'::uuid,'d563f54c-378f-42a2-b2e7-eb95ce984c6f'::uuid,38288.07643303042,13.0,9.0,now(),now()),
('78afab9d-f96c-4c68-8ef9-d680ce080dc5'::uuid,'31210bc6-161c-43bb-889f-3ecba3dae287'::uuid,'305d2e99-ff9f-44f3-bbf6-98dec4754c23'::uuid,18276.782450578958,11.0,4.0,now(),now()),
('8b095e38-80ba-48c6-8fe1-ca37325e1e45'::uuid,'8012602d-a4a6-49b5-884f-8bc11c0bcba1'::uuid,'e20e43da-7a2d-4b70-8928-351b2921f8cb'::uuid,51444.90496458385,4.0,4.0,now(),now()),
('80ccb7e0-3177-4f3c-8f9a-5e8c3c5c23dd'::uuid,'4c822097-1401-4232-8acd-ad07746c6f1a'::uuid,'ba112450-932d-4693-a982-2c0c57381eb3'::uuid,45015.99392980481,38.0,6.0,now(),now()),
('55dd60d5-5cbb-4a4b-9085-5d1b8b167840'::uuid,'1088ae22-4ee4-450d-ad31-251cdd2c9dbe'::uuid,'c1b385de-055f-45dd-b716-5ec22116a70a'::uuid,48976.38829410577,21.0,5.0,now(),now()),
('26b1b489-7a8b-483c-a1e7-17e401b01a26'::uuid,'51314181-76ea-4703-b6e4-73d987b411d9'::uuid,'e5c776d7-cfa3-4173-9e3d-aebd4a8bbeac'::uuid,25311.731702474513,26.0,7.0,now(),now()),
('4e9fa383-6e51-4bab-b8ca-e67a230bb9b7'::uuid,'957f0f7e-20f7-430f-852e-772255352318'::uuid,'5a572d4b-09ab-4a15-a7a6-da4f62130464'::uuid,83762.592663567,20.0,3.0,now(),now()),
('861e1120-bbc3-416c-bc86-5d261fbbc0aa'::uuid,'f7ec7924-4992-4555-a030-6d424cf08411'::uuid,'2411896e-4a3a-4d12-bbeb-2ed61b903b03'::uuid,18646.76583573976,8.0,3.0,now(),now()),
('7602cc5c-a159-4762-bac6-dd721ed0066b'::uuid,'0821ba66-8963-4130-8b8a-3a97af8eea0d'::uuid,'6f6d7df2-3223-46e1-abfc-d9ef1ca0c5d7'::uuid,61864.35780384328,38.0,5.0,now(),now()),
('941dd442-41d0-495d-8378-00a3b7191d54'::uuid,'9da95b80-18f4-4cad-a30d-d710e6cadb9e'::uuid,'add86218-d645-4da5-beff-1186e0ace28c'::uuid,60157.30113451483,20.0,5.0,now(),now()),
('1c3e36db-5fb9-4ad7-9670-208741df5c0f'::uuid,'a9e51bdb-b8cf-46ba-acfd-63355914d5ee'::uuid,'7fd976c0-a8fd-4643-a36c-cba1ed4444e1'::uuid,15862.588338572083,1.0,1.0,now(),now()),
('424e78f4-1595-49f4-8ca3-30150f504128'::uuid,'b3a930fd-3615-4145-b988-f897ac250e87'::uuid,'f36364b2-d6ef-4d5f-b51f-4d13281bde4e'::uuid,13918.534608271208,31.0,2.0,now(),now()),
('18f3bb4f-710a-420f-92a3-a015cf6d4724'::uuid,'51314181-76ea-4703-b6e4-73d987b411d9'::uuid,'3f36fde0-bfed-470e-b31d-2878a5d0296d'::uuid,21442.578065963782,23.0,7.0,now(),now()),
('3af4d6a3-0a25-4d4e-b4c8-6c5c39b4acbc'::uuid,'ebb3a493-1191-43cb-9b2b-580e76e99464'::uuid,'55b7e905-6dc6-4dc6-9f7c-d628ed5ed610'::uuid,46099.51382362701,26.0,0.0,now(),now()),
('d89d8ff1-0a3e-4b6e-a4ce-4bd2be3de3c2'::uuid,'cce5fa56-7488-40bc-be06-6bda991e4bb0'::uuid,'d464afc0-8398-458b-8925-c4376adbe777'::uuid,38485.946516713564,19.0,3.0,now(),now()),
('0ca4cba3-c26e-4110-a986-8d23da491925'::uuid,'8012602d-a4a6-49b5-884f-8bc11c0bcba1'::uuid,'2f824807-b65d-47ac-98bc-e52d3ee905fc'::uuid,92849.82007684754,23.0,2.0,now(),now()),
('2cb6ebdf-cce2-48e1-b3e9-443cac112347'::uuid,'aca35d37-b3a7-4da5-b275-8ab9e5d2941f'::uuid,'735ebc38-8d17-4686-ad3b-8e245811a869'::uuid,24671.499227387983,11.0,2.0,now(),now()),
('4a2ba82c-314a-4df2-8de0-b21fff25a82e'::uuid,'b7df65ca-92a1-41be-a1ef-4c6c087161d7'::uuid,'e8dc9419-4d11-4e24-9975-001d9b162c8b'::uuid,35626.577640138894,49.0,2.0,now(),now()),
('9549c71c-1686-4325-b819-02b68b7c2b0d'::uuid,'cb6ccbd8-a939-4d09-8e82-b9815e481d17'::uuid,'754d6896-5689-43d6-9b83-e04198111f72'::uuid,9642.21505851583,16.0,5.0,now(),now()),
('2a4fdf7b-e5b7-480f-94e2-4bfef122bcc6'::uuid,'cf78a069-deb9-4601-b6ee-f0e87ff2a288'::uuid,'a806e3bf-ec78-461a-9bed-e6244265bd37'::uuid,54877.99295824114,10.0,10.0,now(),now()),
('f5831e71-b2c0-41a6-8a25-1b50766d175e'::uuid,'11874611-2511-45e5-90aa-95aa77f9fcaa'::uuid,'36cedc3e-d4c9-4897-908b-f28f9d401852'::uuid,10033.43966082028,44.0,10.0,now(),now()),
('243ad655-c5f8-4639-ad15-ed4dc7220e18'::uuid,'99acce85-3a81-4fee-8471-02695c07429b'::uuid,'754d6896-5689-43d6-9b83-e04198111f72'::uuid,9642.21505851583,50.0,0.0,now(),now()),
('7f75f7ec-eda8-46d9-9af9-18e095623f79'::uuid,'aca35d37-b3a7-4da5-b275-8ab9e5d2941f'::uuid,'ef216ac4-37f9-40c0-8dbf-65c2a533edc2'::uuid,33684.585952588226,26.0,4.0,now(),now()),
('0896283e-330b-4d56-998e-913d10bf6111'::uuid,'e25e803c-d388-4703-b9a4-bcb3f9792e2e'::uuid,'d4a972d0-c2e0-4979-8ff0-4f35e5af5af8'::uuid,86170.52117608339,7.0,1.0,now(),now()),
('431d0c8f-70bf-4c0a-a4d5-19b36bfd0e75'::uuid,'15c58a41-bf8b-4857-b512-cd896e99182a'::uuid,'36dbffe7-e438-42a0-9565-670b9ff595c3'::uuid,14876.847049927179,19.0,7.0,now(),now()),
('21a291ad-3a17-41ba-8756-43b3ef4bfc4e'::uuid,'f5a2f288-59d3-44a8-9233-aeebed47d641'::uuid,'f72102fb-b0d0-4c7c-a2f7-4657ac20f0eb'::uuid,10643.063744861756,39.0,0.0,now(),now()),
('0627020a-c1ec-481d-be9f-d91769fe1535'::uuid,'b57377bd-a0a3-42b0-9179-7b1d95434d39'::uuid,'05685c89-a472-433b-ba4b-8e40f7e2fe98'::uuid,57676.7206597942,33.0,2.0,now(),now()),
('1e0ce3c6-3157-4a88-b114-16786ce14378'::uuid,'f98738d5-df1c-4ecd-b511-0ddef3dc3603'::uuid,'9b207822-9afe-49be-b947-2afa76243ce8'::uuid,92876.08345320159,11.0,8.0,now(),now()),
('bc12d917-b71b-4103-9035-1d9e439efc27'::uuid,'ba40e35e-8457-41d4-9ca4-df871e261a3d'::uuid,'a1493950-532f-45c7-9980-424189c2b2b0'::uuid,86002.75214786692,15.0,8.0,now(),now()),
('cb7b6251-b873-4820-8e8f-15682803bf38'::uuid,'cb04aac3-8644-411a-889b-8d2b39c410c6'::uuid,'6a1dfa74-2659-4924-8fbe-dbe1f5b91497'::uuid,77657.34719657377,33.0,10.0,now(),now()),
('70c3c5cf-d5f8-49c7-8340-561d9a6a1fdc'::uuid,'0692724e-e6f0-40d5-8c9d-94cfa5fbcd78'::uuid,'83a8ab9b-5d8e-4d6e-8ab2-223133440a8f'::uuid,81306.73472605518,11.0,10.0,now(),now()),
('ff5fc314-71f2-4931-9491-5cb803a517df'::uuid,'d5b1c7e2-3cd8-4153-9b90-2153a3cb5d68'::uuid,'3a975a72-672b-4351-889a-be904e636434'::uuid,72354.00407595135,23.0,2.0,now(),now()),
('60001cdb-d6e4-46b7-9c7a-9685fea006cf'::uuid,'ebb3a493-1191-43cb-9b2b-580e76e99464'::uuid,'fd4f4673-5343-410f-8cd8-ca657c3424a9'::uuid,60301.756325926086,38.0,0.0,now(),now()),
('12039810-f766-4d12-b977-0f5c05ba9cbf'::uuid,'b57377bd-a0a3-42b0-9179-7b1d95434d39'::uuid,'894b5ab1-0b8b-4cc4-9a90-79f5f399a9af'::uuid,82219.54054529208,7.0,2.0,now(),now()),
('8fe3afa0-c784-4120-b78c-c83b11a7989c'::uuid,'1cd578b6-53f8-42a4-a96b-a990a26d5d59'::uuid,'94523ed3-8a40-47ba-bac8-f147d5323387'::uuid,76209.9836206856,20.0,6.0,now(),now());
--
------------------------ END ORDER DETAILS ------------------------
--
